,댓글
0,친절하시고 꼼꼼하게 봐주십니다^^
1,감사합니다 경과가 너무 좋아졌어요
2,🙂
3,"두번째 방문이였어요 턱 밑 멍울이 생겨서 무거운 마음으로 천병준 원장님 께 진료 보고 왔는데요, 꼼꼼히 초음파 봐주시곤 다행히 정상 임파선이란 말
씀 듣고 집에 왔습니다 원장님 정~말 친절하시고 초음파도 꼼꼼하게 잘 봐 주시면서 설명 해주시더라구요 천병준 원장님 너무 감사합니다!"
4,원장님 넘 친절하세요
5,친절한 진료 감사해요^^
6,친절하신 선생님 ~갑상선 잘보세요 
7,좋아요 
8,여성 원장님 자세한 설명 감사합니다🙂
9,의사쌤이 너무 다정하시고..소 스윗… 설명도 너무 잘해주세요ㅠㅠ 
10,친절하고 꼼꼼하게 진료 감사드립니다!!
11,ㅎ
12,ㅎㅎ
13,다르다 동네 이빈후과와 너무 멀어서 부득이 예약 빵구내도 좀 봐주세요
14,친절하시고 진료도 잘 봐주십니다.
15,"예약해도 기다렸었는데 늦은 오후 진료는 대기시간 적었음
피검결과 어플 확인 편함"
16,다들 친절하고 꼼꼼하세요~!!
17,소문듣고 갔지만 기대가 컸는지 먼걸음한 수고가 없었네요
18,좋아요
19,좋아요 
20,잘해요
21,친절하시고 아주 좋습니다
22,여자 원장님 친절하고 좋으세요 
23,"의사 선생님 친절하시고….
동네보단 확실히 믿음이갑니다."
24,"예약했는데 50분 기다림..
예약 왜받아요?"
25,"실력있어서 선택했지만 비용이 과합니다
비급여 동의서 받아놔도 비급여인것은 진행전에 미리 알려줬으면 좋겠어요
실비 못 받아서 아쉽습니다"
26,"의사분, 간호사 분들 너무 친절하시고 시설도 깨끗해요.최곱니다."
27,친절하고 꼼꼼하게 안내해드립니다
28,친절해요
29,천병준원장님께 진료 받았어요  친절하시고  걱정했을 환자의마음까지  세심하게 헤아려 주시고  참~ 마음 따뜻하신 의사선생님이시네요 😀 감사합니다~
30,대충대충성의없었다
31,이비인후과 정착했어요~
32,카운터에 직원분들도 친절하게 응대해주셨고 오랜만에 방문했는데 의사선생님께서 그전에 결과랑 비교해서 디테일하게 초음파봐주셔서 감사합니다ㅠㅠ 
33,"천병준원장님 덕에 어려운 타석증을 해결할수 있었습니다
대학병원을 갈려고 하다 방문 하였는데 명의를 만난기분입니다.     정말 대단히 감사합니다"
34,좋아요
35,친절한
36,굿
37,굿
38,대학병원에선 들을수없는 상세하고 명쾌한 설명 초음파 꼼꼼히 봐주시며 설명을 해주셔서 좋았습니다. 
39,금액이 좀 비싸긴하지만 빠르고 친절하세요
40,"친절하시고, 진료 잘해주시고, 얼굴 잘생기시고...^^"
41,깨끗하고 넓고 친절하고 지하철에서도 가깝고 좋아요
42,"하원장님께 아기 진료 받았어요 간호사 분들도 친절하셨고 아기 진료받을 수 있게 잘 도와주셨어요 아기가 협조가 안되면 진료 어려울수도 있다고 해
서 걱정했거든요 예민한 아기라 병원진료 힘든데 도움 잘 받았고 하원장님께서도 친절히 설명 잘 해주셔서 만족스러웠습니다 아기아빠도 침샘에 종양
이 있는데 땡큐로  병원 옮기려고 합니다"
43,원장님 직원분들 다 친절하셔요
44,"잘본다 못본다를 떠나 환자의 의견없이 모든 검사를 하라고하십니다.  (다른 병원은 의견 물어보고 진행하던데 그냥 보호자 나가라고 하고 바로 세침검
사 진행..) ct랑 피검사도 하라고 하시던데 굳이 안하면 안되냐했더니 그러면 다음 진료 안봐준다고함. 그게 있어야 자세히 알수있다며...(굳이.? 라는생
각이듬) 거의  수술을  하라고 권유하는 듯함 특히 아직 암이 아닌데(세포를떼서 검사를 해야 암인지알수있음) 암중증등록을 해준다고 함. 당장의..."
45,좋아요
46,"제가 임파선이랑 턱선, 침샘쪽에 이상이 있어서  개인병원을 알아보다가 여기가 괜찮다는 후기가 많아서 믿고 진료 받았습니다. 평일 점심시간 넘어서 
갔지만 그래도 사람은 많았습니다! 고만큼 인기가 많다는 거겠죵ㅎㅎ 천병준의사쌤한테 받았는데 모르는거 다 질문 하고 많은 답을 알아냈습니다! 나
중에 시간 많으면 또 가서 진료 받아보고싶네요~"
47,"의사선생님
친절하시고
설명 잘 해주십니다"
48,"예약시간보다 조금 더 대기하긴 했지만 원장님이 친절하시고 , 설명도 잘해주셔서 편안하게 진료받고 왔습니다~^^ "
49,친절해요
50,친절하고  좋아요
51,하정훈원장님 친절하게 잘 설명해주셔서 너무 좋아요. 
52,좋아요
53,의사 선생님이 친절하세요 :)
54,.
55,천병준 원장님께 진료 받았는대 궁금 한겨 차근차근 이해 하기 쉽게 말씀 해주시고 친절 하게 진찰 해주심!
56,친절하고 꼼꼼히 봐주세요
57,초음파 비용이 조금 비쌋지만 꼼꼼히 봐주셔서 안심좋았습니다. 
58,"천원장님께  혀통증때문에 두번 진료받앗는데 솔직히   환자입장에서 여쭤보고시픈게 잇는데 너무 간결하게 이상없다고만 하셔서  진료받구 먼가 찜찜
한  기분이듭니다  두번다요ㅠ 목이자꾸잠겨서   구마비증상 여쭤보고시펏는데 걱정만 안고왓습니다ㅠ"
59,"원장님 친절, 주차 불편"
60,원장님 친절해요
61,친절해요
62,친절해요
63,굿
64,좋아요
65,원장 선생님 믿음이 가네요
66,아직 모르겠다. 안내가 미흡한 것 같고
67,편평태선으로 고생하면서 여러 곳 갔었는데 여기서 제일 많은 치료 효과를 봤어요! 주차 빼고는 의료는 완전 만족이요!
68,좋아요
69,초음파 검사 받았어요. 의사샘 설명이 친절하시고 응대도 친절합니다. 초음파라 비싼건 어쩔수없구요
70,갑상선수술했어요
71,좋아요
72,좋아요
73,좋은데 비싸요
74,의사 선생님께서 꼼꼼하고 친절하게 설명도 잘 해주시고 초음파 보면서 바로바로 설명을 들을수 있어서 좋았습니다. 
75,친절해요
76,친절
77,좋아요
78,천병준 원장님 친절해요😊
79,갑상선 혈액검사하러 왔어요
80,친절하세요
81,굿
82,"의사선생님 친절하게 초음파 설명에 감동이었습니다
안정할수있도록 말씀도 고마웠습니다
갑상선 검사는 땡큐이비인후과   추천합니다"
83,안타깝습니다. 홍보와 광고를 열심히 하시네요. 목이나 코가 아프다고해도 단순 감기증상이라며 돌려보내는 곳입니다. 이비인후과라고 붙히지를 마시죠.
84,이은정 원장님께 진료 받았는데 친절하고 자세히 설명해주셨어요. 정말 정말 감사드립니다.
85,너무 친절하시고 천원장님 진료진짜잘봐주십니다
86,친절하십니다
87,굿굿
88,친절하시고 자세한 설명 감사합니다
89,굿
90,좋아요
91,"친절하셔서 좋았습니다.
 안심하고 찾을 수 있는 병원이 가까워서 정말 좋아요
감사합니다."
92,천 원장님께 진료 봤는데 초음파 진짜 꼼꼼히 봐주시고 설명도 잘 해주셔서 너무너무 만족했습니다! 목 관련 초음파는 이제 여기 무조건 추천할꺼예요!
93,친절하게 잘 설명해주셨어요~
94,꼼꼼히 봐주셔서 감사합니다
95,탱큐입니다~^
96,좋네요^^
97,...
98,"전화 응대가 너무 불친절했는데  방문해서도 불쾌하게 나왔네요  작년 올해 의사 선생님들 진료는 친절하게 받고 나왔는데  데스크에 계신 분들 때문에 
다음부터 안 가려고 합니다  무슨 잘못한 사람 취급 하는데 어이없네요  그냥 넘어가려다가 질문에 고개만 까딱하는 응대 받고 이건 아니지 싶어 남깁니
다"
99,"현재 상태가 심각하거나 수술이 필요하다면 추천드립니다. 가벼운 갑상선 항진증이라면 비추합니다. 처음 겪는 증상이다보니 놀라고 두려워서 증상을 설명하는데, 여선생님은 내내 손 뜯고 계시다가 말 끝나니 무릎 털면서 별거 아니라는 식으로 말하시더라구요. 카페 추천글보고 왔는데 굉장히 실망스러웠습니다."
100,"원장님과 간호사쌤들이 넘 친절하고
좋아용~"
101,"천병준 원장님 너무 꼼꼼하고 침샘보톡스 초음파로 정확하게 잘 놔주십니다! 
커지면 또 방문할게요 감사합니다"
102,😵
103,"타병원에서 종괴 수술후 이하선암4기 판정받고 향후진료방향 문의하러 하원장님한테  진료 받았습니다 매우 자세히 친절하게 설명해주시고  타병원 
교수님 소개해주셔서 매우 만족하고 돌와왔습니다~ 고대안암, 서울삼성병원 두곳  유명하신 교수들보다 진료가 더 정확하시다고 판단됩니다 200% 만
족 !!"
104,"원인을 몰라서 로컬병원을 여러곳 다니다가 왔는데 
유명한 이유가 있는듯합니다 친절하시고요"
105,예약시간보다 일찍 도착했는데 진료도 빨리 볼수 있어서 좋았어요. 데스크간호사님 그리고 하정훈원장님 모두 너무 친절해서 더 좋았어요. 무엇보다 별일없이 집에 돌아올수 있어서 더더 좋았습니다. 
106,친절해요
107,선생님넘친절하시고 약복용법도자세히설명해주셨어요
108,약간 과잉진료. 진료 1분도 안보고 검사 26만원돈. 데스크에 여직원들은 퉁명스럽고 거만함. 암도 아닌데 다른병원갈껄
109,좋아요
110,친절한 응대를 바라면 실망이 클 병원입니다. 천원장님 진료 받았는데 나쁘지 않았어요.
111,"신속하게 진료하고 지하철역에서 바로 찾을 수 있어 좋아요. 비용이 비싸요 ㅜㅜ
간호사분들도 친절하지 않은듯 ㅜㅜ"
112,의사샘의 친절한 상담에 많은 위로가 되었어요
113,친절하세요
114,갓땡큐.... 친절합니다 친절하게대해주셔서 감사합니다 천선생님 진료봤는데 나긋나긋하게 잘설명해주셔서 감동이었습니다ㅠㅠ ♡
115,넓어요
116,초음파도 보험적용이 되는 날이오길~
117,다니던 이비인후과서 잘한다고 소개하여 전원했습니다. 혀 끝에 생긴 무언가를 하정훈 원장님이 직접 마취하고 제거해주셨습니다. 엄청 친절하고 정확하세요. 명의에 괜히 나오신게 아닙니다ㅎㅎ걱정 많이 했는데 원장님 덕에 마음이 놓여 인생 처음 리뷰남겨요
118,좋아요
119,"목 멍울로 갔는데 진료도 안하고 곧바로 초음파실에서 진료 시작ㅎ거짓말 안치고 1분만에 진료 종료. 
순식간에 12만원 결제하고나옴ㅎㅎ 초음파라도 꼼꼼히 봐주면 몰라도 그냥 쓱 보더니 별거 없네요 하고 끝났음. 일반병원 대학병원 다 다녀봤지만 이런병원은 태어나서 처음이네요. "
120,굿
121,친절해요
122,수술후경과차 방문했어요! 꼼꼼하게 설명도 잘해주시고 데스크 계시는분들이 몇분바뀌셨는지 친절하셔서 편했어요 
123,..
124,편안한 진료에 감사~~^^
125,"갑상선 검사때문에 매년 가는데 
친절하고 잘 봐주세요"
126,인기가 많아서인지 대기 시간이 길어요….ㅠㅠ
127,"소문듣고 부랴 부랴 찾아간곳~ 정말 하정훈 원장님 신의손이라는 말이 왜 떠도는지 직접체험 했습니다~^ 수술 2일차 퇴원해서 집에 왔는데 어디 1박2
일 놀러갔다온 것 같습니다~ 원장님이하 간호사님들 모두모두 감사합니다~^"
128,서류 떼려고 하는데 친절해서 좋았어요
129,"복잡하지만, 진료는 좋았음"
130,완전 그냥 말이 필요 없죠. 굿.
131,주변에 추천받아서 갔는데 초음파도 꼼꼼하게 설명해주고  의사샘도 좋아요  유명하기도 하고 강남이라 초음파 는 다른곳보다 좀 비싸요
132,친절하시고 좋았습니다.
133,친절하고 설명도 잘해주세요
134,원장님이 친절해요
135,좋았습니다.
136,이은정선생님 초음파 보시면서 친절하게 설명해주셔서 좋아요 
137,"하정훈 원장님에서 이은정 원장님으로 변경 후 첫 검진 받았어요
초음파 검사 내내 차분하고 친절하게 잘 설명해주셨어요 추천합니다 ^^"
138,"뇌MRI를판독해주시는데 ""어머니  뇌는 이상없는데왼쪽턱아래가이상한데요? 이비인후과진로받으셔야해요"" 번개맞는듯했습니다 인터넷을밤새검색했
지요 이하선종양 수술해야함 안면마비 아! 정말! 며칠동안속앓이를하며별별생각을했답니다겉으로는괜찮은척하면서잠도설치다땡큐이비인후과방문을
결정했답니다. ""물이있네요!"" 여유로운모습으로환자의마음을헤아려주시는말씀! 정말감사했습니다. 긴장이풀리며안도감으로편안해졌습니다 겁..."
139,전문 갑상선암 수술병원
140,친절하세요
141,"제 병의 확실한 치료 방법은 찾지 못했지만,,(몸의 문제가 아니라..)
선생님이 너무 친절하시고 설명도 잘해주시고..
지인들에게 추천하고 싶은 병원이었습니다. "
142,대학병원에서 경험할 수 없는 상세한 설명과 스윗함을 느낄수 있는 병원입니다 ㅠㅠ 하정훈 원장님 정말 감사합니다!
143,좋아요
144,좋아요
145,"천원장님 너무 친절하시고 꼼꼼하게 봐주셔서 감사합니다~~직원분들도 친절하시고 걱정이 말끔하게 사라졌어용~~ 
"
146,좋아요
147,좋아요
148,"꼼꼼히 봐주셔서 좋아요. 긴장하면서 가는데 믿음이 가요.
"
149,입천장에 돌기같은 물집이 생긴 뒤에 3주후에도 사라지지 않아 걱정이 되어 주변 지인의 소개로 예약을 하고 방문했습니다. 천병준 원장님께서 꼼꼼하게 진료해주셔서 큰 문제가 아니었다는 것도 알게 되었고 친절하게 대해 주셔서 좋았습니다! 다음번에도 다시 방문할 생각 있습니다. 정말 감사합니다 :)
150,친절하시고 좋아요
151,의사선생님 친절하세요
152,"처음 개원했을때 하원장님께 진료보고 오랜만에
방문했는데, 병원 규모가 많이 커지고 성장했네요. 실력에 믿음이 가는 병원입니다. 군더더기 없이 진료를 봐 주셔서 좋습니다  감사합니다👍"
153,"하정훈 원장님께 이하선 종양 수술받고 6개월차 되서 검진 받으러 갔어요 EBS명의시기도 했지만 수술만족도도 좋고 수술후 1박2일 입원에 배액관 없이 회복도 엄청  빨랐고 흉터도 작아서 진짜 만족하고 강추 합니다♡
마지막 초음파 검사때는 임파선 갑상선 등다른 부위도 꼼꼼히 살펴봐 주셔서 진짜감동에요 진짜 땡큐 입니다"
154,암카페에 구강암 수술로 유명하여 방문했다가 바로 수술날짜 잡고 수술했습니다 원장님 정확하시고 역시 명의이십니다 간호사분들도 친절하세요
155,이하선종양 수술하고 퇴원했습니다. 시설 깨끗하고 편리하고 좋았습니다. 의사선생님 간호사분들 친절합니다. 여기로 꼭 가세요~ 후회하지않을거예요~
156,과잉진료 없고 정말 꼼꼼하게 잘 설명해주세요!
157,좋아요
158,"타석증이랑 침샘 염증 때문에 검색해서 예약하고 방문했어요ㅜ 천병준 원장님께 진료를 받았습니다 초음파를 해보시더니, 침샘 입구쪽에 있어 오늘 당
일 제거 가능할 것 같다고 바로 국소마취 후 수술했어요! 염증이 심한 편에다가 돌은 두 개나 있었고 생각보다 작아서 꺼내는데 조금 어려우셨던 것 같
은데, 엄청 신경 잘 써주셨어요! 오늘 내일은 부을 수도 있다고 미리 말씀해주셨는데 놀랍게도 붓기도 없었습니다 수술할 때는 생각보다 오래 걸..."
159,친절
160,과잉진료 하나도 없고 굉장히 친절하게 잘 설명해주십니다!
161,채용검진 잘 받았습니다. 친절하세요
162,정기검진
163,친절해요
164,좋아요
165,예약하고 꼭 예약확정 받고 가셔야해요!! 역 근처에 있어 교통 편리하고 전문의가 계시니 믿음이 갔습니다 
166,3년전 갑상선암 수술 받고 치료잘받고있어요 친절하고 너무 좋아여
167,친절해요
168,의사선생님께서 친절하고 자세하게 진료해 주셨어요. 강추입니다.
169,몀쾌하게 진단해주셨습니다
170,천병훈원장님께서 진찰해주셨는데 친절하시고 설명도 잘 해주셔서 좋았습니다.
171,암 수술이나 다른 수술  아니면 치료에 관심없는듯 하다
172,"원장선생님께서 너무나 친절하시고 설명도 잘 해주시고 최고의 병원이었습니다.
(특히 천병준 원장선생님께서 너무 친절하십니다)"
173,좋아요
174,오늘 임파선 때문에 천병준 원장님께 진료봤습니다..진료도 잘 봐주셨고요 과잉진료있을까봐  고민많이했는데 전혀 절대 그렇지않고 원장님 정말 친절하세요 유명하신 천병준 원장님께 초음파 보고 괜찮다는 말 들으니 병이 씼은듯이 좋아지는거 같아요 그리고 병원이 예약제로 돼있어서 붐비지않고 좋았고요 얼마나 깨끗한지 ...멀리서 와서  화장실도 걱정했는데 비누도 있고  깨끗해서 정말 좋았습니다..
175,의사 선생님도 친절하시고 설명도 잘 해주셨습니다. 보통 병원은 대기는 길고 진료는 1~2분 보고 끝나는게 전부인데 땡큐는 꼼꼼하게 진료봐주시고 질문에 잘 답해주시는게 차별화된 강점 같아요!
176,친절해요
177,친절해요
178,덕분에 큰병원안가고 치료했습니다. 감사합니다!!
179,"대한민국 모든병원의  공통적인 리뷰 ""데스크 직원 불친절해요""  이건 뭐 크게 상관안함  의사실력이 중요  그부분에 만족합니다 확신에 찬 답변과  환자
걱정 안심시켜주는거 의사가 할일"
180,진료 받을  때 불안하다  선생님이 넘 급하게 진료를 해서ㅠ
181,친절하고 좋아요
182,"갑상선 조직검사위해 방문하였습니다
저처럼 쫄보이신분 걱정 마세요 독감주사보다 안아프고 좀불편한정도입니다 경험 많으신것같습니다"
183,하원정님 넘좋으시고 환자들이 많네요^^
184,"이은정 선생님이 꼼꼼히 진료봐주셨어요. 다음 예약 잡고 처방받아 왔습니다. 그런데... 피검사 후 결과는 통보 안해주시네요😭 제가 또 전화해야할 상
황입니다😅"
185,덕분에 수술 잘 했습니다. 감사합니다.
186,원장님이 초음파실에서부터 첫진료함ㅠㅠ 초음파 하겠다고 물어보는것도 아니구 증상 물어보는 것도 아니구   깜~놀
187,천병준 원장님께 진료받았습니다. 걱정되는 맘을 안고 진료받았는데 너무 친절하고 세심히 진료를 잘 봐주셨어요. 걱정도 덜어주시고 너무 감사했습니다. 꼼꼼히 진료 잘 봐주십니다
188,친절하고 진료에 만족
189,실력좋은 쌤님의 친절한 진료 굿
190,친절하고 의사선생님께사 설명도 잘해 주십니다. 물론 진료도 짱
191,"진찰해주신 담당의사선생님은 잘해주셨는데
데스크담당 선생님들이 조금 불친절했어요"
192,천병준 원장님께 진료 받았는데 꼼꼼히 친절히 설명해주십니다.
193,모두 친절하시고 깨끗해요
194,"편도 수술 받았는데 수술층(3층) 간호사 선생님들 다 진짜 친절하세요. 퇴원하고 약국가서 박카스라도 사드려야지 생각했는데 전신마취 풀리고 멍 때리
다 나와서ㅜ 깜빡했어요. 이런 병원후기 한 번도 안써봤는데 이렇게라도 감사하다고 말씀드리고 싶어서 적어봐요ㅎ 당일 퇴원이라 보호자 없이 갔는데
정말 덕분에 맘 편하게 잘 수술받고 나왔습니다. 수술해주신 의사선생님께도 감사드려요!🙏🏼코로나로 더 고생많으실텐데 건강 잘 챙기시고 힘내..."
195,"평이 나쁘지 않아서 병원 찾았고 여의사 진료보고 상당하 불쾌 했고 제대로된 설명 또한 없음, 건성건성 환자룰 대하는 태도는 다시는 이 병원 가고싶지
않네요 병원은 옮셔서 진료보는데 상당히 비교가 됩니다 환자는 병에대해 잘 몰라서 이것저것 질문하면 말이 끝나기도 전에 이니요? 네? 이런식의 어
이없는 태도로 일관 뭐 이런병원이 있는지 절대 가진 않을 듯 게다가 카운터도 불친절"
196,"수술 진짜 잘 하십니다.
간호사분들 모두 친절하십니다.
병원 진짜 깔끔합니다."
197,굿~
198,굿
199,좋아요
200,좋아요
201,"아니 다른병원에서 수술했는데 이병원온 제가 문제긴한데요... 아니 접수할때 분명히 타병원 수술했고 현재 이런 증상 때문에 문의?검진까진 그렇고 물
어보고 싶어서 가고싶다 이런식으로 말씀 드렸는데 예약 잡고 오라고 하시길래 왔습니다? 근데 병원 문진표에도 타병원 수술이라고 분명히 썼습니다? 
의사쌤 진료들어갔더니 내 그건 수술한 의사쌤이랑 말씀해보셔야해요 나 그것도 마찬가지로 수술한 의사쌤이랑 상담해보셔야해요 그래서 이런 ..."
202,정기 검사
203,"하정훈 원장 진료인줄 알거 갔는데 여자 선생님께 료 받았어요 
주차장이 있긴 하지만 접근이 조금 어려워서 지하철이 좋아요"
204,굳
205,굳
206,"침샘 막혀서 목 붓고 너무 불편했는데
천병훈????? 선생님께서 빼주셨어요 ㅎㅎ
마취하고 뺐는데 아플까봐 무서웠는데 살짝 따끔하고 순식간에 빼주심 ㅎㅎ 감사합니다 정말로 ㅠㅠㅠ"
207,"천병훈?? 선생님한테 진료 봤어요 침샘이 막혀 있더라구요ㅠㅠㅠ 당일 시술 해주셨고 3mm 돌 뺐는데 진짜 순식간에 빼주셨어요 마취할때 살짝 아프
긴 했는데 진짜 감사합니다 ㅎㅎㅎ 침 잘 나와용 ㅎㅎㅎ"
208,원장님 친절하고 세세하게 잘 봐주세요. 직원분들도 다들 상냥하시구요~~
209,"예약하고 가도 대기시간이 좀 생깁니다. 
관련 증명서 출력도 오래 걸리고요. 
선생님은 친절하고, 진료 상황에 대해 자세히 설명해주셔서 좋았습니다."
210,....
211,친절한 병원.
212,"건강염려증에 확인또확인심한데 초음파도 정말세밀하고꼼꼼하게 잘봐주시구 말씀한마디도친절하고정확히잘해주셨어요(천원장님짱!)남편도덕분에
초음파검사받고너무친절하고자세하게잘봐주신다고 너무만족하더라구요 간호사분들도친절하시구요 거리가있어도 가서 진료받길너무잘한거같아요  
몇년고민했던 편도수술도 의사쌤뵙고 바로결정하고잡고왔어요 편도수술도 잘받고와서 또 리뷰남길게요 -내돈내후기-🤗"
213,"간호사들도 친절,  데스크직원들도  일처리가 빠르시고 의사선생님도 너무 예쁘시고 자세히 설명해 주시네요. 특히 채혈해주시는 간호사 !! 채혈을 너무 능숙하게 하셔서 앞으로 안심하고 갈 수 있을 듯 합니다. "
214,"예약제로 하니까 너무 좋았고
선생님도 친절하게 잘 설명해주셔서 저는 대만족입니다^^"
215,좋아요.  급하게가느라 예약못했는데 다행히 진료봤네요. 쌤이 친절하셨고 꼼꼼히봐주셔서 좋았어요. 타병원약은 하나도 안들었는데 약 주신거 먹고 많이 좋아졌어요 감사합니다!
216,전날 예약하고 급하게 방문했는데 대기없이 빠르게 진료볼 수 있었어요! 원장님도 간호사분들도 다 친절하셨어요
217,설명 잘해주시고 친절하세요. 
218,"여기서 하정훈 원장님께 이하선 종양 수술받았는데 1박2일 입원하고 흉터도 최소화로  1인실도 깨끗 너무 좋았어요 모든 과정이  원스톱으로 이뤄져서 
시간이많이 단축됐고 빠르게 회복해서 일상생활중에요  원장님이 예전에 ebs  구강암 명의로  나오셨던데 이렇게 실력있는 분을 만나 수술받게 되서 진
짜 감솨ㅠ 갑상선 침샘 편도등 두경부쪽 수술 받으시려는 분들께 꼭 추천합니다"
219,친절하고 시설 깨끗하고 보통 이비인후과랑은 틀린 치료 아주 만족합니다
220,깨끗하고 친절해서 좋네요~
221,친절한 상담 감사합니다
222,"깨끗하고 쾌적합니다
의사선생님이 자세히 친절하게 잘 설명해 주셔서 와이프가 너무 마음에 들어 했습니다
강력 추천 드려요"
223,"타석증 치료를 많이한 병원이라 해서 방문했는데요. 최고네요...      당일 돌덩이 위치 찾아서  수술까지 하고 치료 완료됐네요. 의료진들에게 다시한번 
감사드립니다."
224,대한민국 최고의 이비인후과!
225,친절한 상담 조았어요
226,"갑상선 상담을 위해 내원 했어요. 검사 비용이 워낙 비싸서 이전 병원에서 검사 받은 초음파 영상, 조직검사 결과지를 제출했는데 제 동의도 없이 초음
파 검사를 진행하고 조직검사까지 하려고 해서 안한다고 했어요. 결국에는 10분도 안되는 상담에 초음파 검사 비용 18만원이 청구 되었어요. 이럴거면 
뭐하러 애써 받아 온 영상이나 결과지를 제출 하나요? 상담도 엄청 허술하고 자신이 갑상선 방면에서 수도 없이 수술 했다는 말만 하고... 그걸 환..."
227,"정말 친절하세요. 천병준원장님께 진료 받았습니다. 혹시나 안좋은 케이스까봐 잔뜩 겁먹고 갔는데 초음파 보시면서 친절하게 응대 해주셨어요.설명도
잘 해주시고... 어떤분께서 이비인후과는 땡큐로 한번 다녀 오라고 권유해 주셔서 다녀왔는데 왜 소개 해주셨는지 알꺼 같네요. 간호사분들과 원장님 
친절합니다. 진료도 꼼꼼하게 잘 봐주시구요. 감사합니다.^^"
228,"뭐 설명같은거 하나없네요..
주의사항도 안알려주고요.."
229,침샘종양 수술후 대만족 실력있는 의사쌤 뿐만 아니라 빠르고 정확한 진단으로  만족도 짱!!
230,"천원장님께 진료 받았는데, 자상하게 설명도 잘해주시고 아픈 원인도 바로 찾아주셨습니다. 
병원 분위기도 전반적으로 깔끔하구요, 예약제로 운영하다보니 사람도 북적이지 않아서 코로나 걱정도 조금 덜었네요!
"
231,"멀리서 갔는데 아쉬움이 많습니다
설명이 많이 부족하고 친절은 찾아볼수가,,,
당일 검사 가능한것과 원장님이 직접 해주시는건 좋았어요"
232,친절하고 자세한상담 좋았습니다.
233,"규모는 제 생각엔 글케 크지 않아요 선릉역 6번출구 바로 코앞이라 접근성은 좋구요 단 suv차량 주차가 안되서 그건 불편해요  하정훈 원장님 뵙고 왔는
데 친절하게 설명 해주세요  수술전 사전 검사도 속도가 빠르게 이뤄져서 놀람 초음파 검사 비용은 좀 비쌌지만 수술력은 인정  타대학병원보다 엄청빠
른속도로 배액관 없이 이하선 종양 제거해 주셨고 1박2일만에 퇴원해서 정말 정말 강추하는 병원  안면마비 걱정 필요없음 대학병원서 시간낭비..."
234,다니던 병원을 옮겨서 처음 방문하였는데 시설도 깨끗하고 직원분들도 친절하고 원장선생님도 친절히 잘 설명해 주셔서 기분좋게 진료받고 왔습니다.
235,"친절한 병원 
주기적으로 검진 받고 있어요"
236,친절한 병원입니다
237,좋아요
238,좋아요
239,좋아요
240,설명도 잘해주시고 검사할때 이리저리 다니지 않아서 좋았어요. 대기시간이 좀 있긴 해요..
241,"친절해요 예약시간 잘 맞춰요
알러지비염땜시 갔는데 약 잘들어요"
242,친절해요 예약시간 잘 맞춰줘요ㅎ
243,굿입니다~~~
244,좋아요 사람들이 좀 많습니다
245,원장님 친절하시고 설명도 잘 해주십니다
246,"친절하신 간호사 분들과 바쁘신 와중에 진료 봐주신 원장님들 감사합니다. 다만 주차공간이 많지 않아서 살짝 불편한건 있었습니다. 
그 외적으로는 믿고 갈 수 있는 병원 입니다. 특히 목쪽 불편하신 분들 꼭 가보세요."
247,친절하게 설명잘해주세요
248,점점 더 번창하시네요~축하드려요!
249,친절하세요
250,지방에서 서울까지 힘들었지만 설명잘해주셨습니다^^
251,먼저 쾌적한 병원 환경이 맘에 들었구요.  예약한 시간에 맞춰 바로 진료를 받을 수 있었습니다. 게다가 초음파후에 원장님의 친절한 설명덕분에 가벼운 마음으로 병원을 나섰습니다. 번창하세요~
252,"지방에서 오진받고 급한 마음에 빠르고 유능한병원서칭되어 바로 진료받았습니다.
정말 빠르고 간단히 검사결과받았고, 위중함에 따른 
종합병원안내까지 도와주셔서 감사합니다."
253,천의사샘이 친절히 자상하게 봐주셨어요
254,매우 만족합니다.
255,"깨끗하고 친절한 병원 분위기에 우선 놀랬어요.
간호사 한분한분 다 친절하셨고 두 원장님도 귀찮을 수도 있는데 질문하는 부분에 다 설명해주셔서 안심하고 진료 잘 받고 내려왔습니다."
256,많이기다리지않고 바로 검사가능하고 설명 꼼꼼히 친절하게해주시고 믿음갑니다.
257,"예약을 하고갔음에도 30분이상 기다렸고... 원장님 진료 3분 봤음... 병원 홍보에 비해 막상 가보니 의원급 작은 병원.. (영수증에도 의원급이라고 찍혀있음)
원장님은 친절하신 것 같았지만 ,, 환자를 기계적으로 상업적으로 대하는 것 같은 병원 직원들의 전반적인 태도에 절대 수술하고 싶지가 않았음"
258,믿고 찾아가  진료 받아도  좋아요
259,친절하게 설명해주셔서 좋아요
260,"다니던 병원이폐업을 하게되어 검색하다가 알게되어 옮긴 땡큐이비인후과 병원입니다. 일단 가져간 의무기록지를 꼼꼼히 잘보시고 간단한 문진뒤 초
음파를 보았고 담당원장님이 초음파를 보며 설명을  잘해주셔서 그점이 참 좋았습니다. 현재상태설명과 체크업날짜를 대강 말씀해주셔서 따로 물어볼
것이 없었던것같아요.. 다만 초음파보는중에 어둡고 조용한데 밖에 직원들이 떠들고 웃는 소리가 심하게 크게 들리던데 그점은 좀 시정을 해야할..."
261,"수술 후 퇴원했어요. 병원시설, 간호사선생님들, 의사선생님 너무 친절하시고 좋아요!!!!최고최고!!!우연히  인터넷 검색하다가 방문하게 됐는데 기대이상으로 너무 만족했어요 ㅎㅎ추천합니다"
262,수술때문에 진료봤는데 친절하시고 좋아용
263,굿
264,"강경호 원장님  친절하고 자세히 설명해주시고 꼼꼼히 초음파 봐주셔서 진짜 감사했습니다 이젠 강경호원장님께 다니려구요 감동입니다^^ 근데 데스
크에서 주차안내 똑바로 안해주셔 생돈 나가게하고 사과도 제대로 없으신점 때문에 살짝 그랬네요..ㅡ.ㅡ"
265,친절하고 좋았습니다.
266,친절하세요.
267,"궁금한 것 자세하고 친절하게 설명해주셔서 좋았습니다.
시설도 쾌적했고요, 무엇보다 초음파를 찍으실 때 환자인 저도 화면을 같이 보며 정보를 확인할 수 있어 좋았습니다."
268,"어떤 치과의사선생님의 유튜브를 통해 이 병원을 알게되었구요 편도질환으로 수술을 고려하여 허원장님께 진료받도록 미리 예약하고갔습니다. 선릉역
6번출구 바로 앞에있는 큰 건물이여서 병원을 찾기 매우 쉬웠습니다~ 대기시간은 10분정도 걸렸구요.수술 부작용에 대해 걱정하며 물어봤는데 제가 
하는말을 주의깊게 들어주시고 원장님이 이런수술은 아주 많이 해왔으며 이 병원에서 수술한 환자중에 부작용을 겪은사람은 없었다고 자신감있..."
269,예약제라서  그런지 기다림도 별로 없었고 진료도 꼼꼼하게 봐주시고 물어보는것도 다 대답해주셨어요~
270,땡큐에서 수술했어요 교수님들부터 간호사님들까지 모두 친절하시고 전문적이라 좋아요 
271,"친절한 서비스. 접수부터 마치고 문 나설때까지 일사천리.
의사선생님의 세침검사시 타병원보다 안아팠고 세심한 상담과 알기쉬운 설명. 최고!!"
272,친절하시고 궁금한거 설명 잘 해주셔서 좋았습니다
273,수술때문에 진료받았는데 원장님의 자세한 설명과 수술날짜 빨리 잡아주셔서 만족합니다 원장님 약력이 어마어마하더라구요..^^ 그리고 직원분들 모두 친절하십니다 특히 접수 보시는 단발머리 선생님 제일 친절하셔요♡
274,"원장님엄청친절하세요! 
수술후 관리하는방법설명으로 
후유증없이 회복잘했어요!"
275,Suv 주차 안되는게 조금 아쉽
276,친절한 서비스 최고입니다 
277,"비싼 초음파료 내고  결론은 해줄수있는게 없데요
왜커진원인도 모르고 걍 약먹으라네요^^"
278,"맘카페모임에서 정보얻어서 바로 전화예약후 CD, 검사결과 자료가지고 당일 개인면담하는데 거의2시간넘게 기다린다고 진땀남. 지방이라 오후3시이
후 인데 1시 반에 가서, 당일 진료받고 바로 수술희망하시는 분들이 다수이다보니 그렇다고함. 근데 막상 우리는 진료는 금방끝내고 바로 수술예약과 
수술전 검사추가하고 바로 끝남. 서울 첫번째 진료, 두번째 수술 1박2일, 세번째 8일후 진료예정. 지방대학병원입원수술 3박4일 일정 취소하고 ..."
279,11시 예약하고 갔는데 40분 기다리고 그냥 취소하고 나왔습니다. 거기서 진료까지 보면 12시 넘길거 같았어요. 시간 여유되시는 분들만 예약하시길.
280,"수술 전 검사진행했는데, 쌤들이 다들 친절하셔서 검사 잘 받았어요~ "
281,3층에 간호사님이 엄청 친절하셔요 최고
282,"병원 선생님 조으셨어요
하지만 데스크 중간에 계신 분 불친절하고
별로였어요.. 그리고 진료비 검사비들이 타병원대비 비싸네요"
283,"수술예약하고 왓어요...!!!
친절하시고 편안했습니다!
수술이 무섭긴 한데 .... 수술하고 또 후기 남길게요"
284,하원장님 항상 너무친절하시고 좋습니다 상세한 설명과 직접 진료봐주시고 항상 믿음이갑니다 수술도 흉터가 너무 이쁘게 아물렀구요 항상 감사합니다 갑상선관련 무초건 땡큐이빈후과를 지인들에게 추천합니다
285,꼼꼼한 진료가 맘에 들어요
286,"병원 시설도 깨끗하고, 역 출구에서도 가까워요.
간호사분들도 친절하시고 천원장님 너무 친절하고 자세하게 설명해주셔서 고맙습니다."
287,"의료진 분들이 너무 친절하고 좋았습니다
병원 위치도 너무 좋았구요
감사합니다"
288,친절했습니다.
289,이은정 의사 선생님 세밀하시고 정말 친절하세요^^
290,의사선생님 간호사선생님등 모두 친절하셔서 좋았습니다^^
291,"하원장님 정말 친절하시고
환자를 편안하게 해주십니다."
292,"친절한 상담 감사합니다.
수술 날짜까지 바로잡았어요."
293,"예약하면 기다림없이 진료받아서 좋아요 
친절합니다 "
294,편도결석때문에 병원알아보다가 수술까지하게됬는데 예약도 빨리 잡아서 원하는날짜에 수술도 잘받고 회복중입니당~~수술전 수술후기 여러개보고 쫄아있었는데 수술하고나니 후련하기도하고 회복기간에 생각보다 많이 아프지도 않고 버틸만했어요!! 원장님이 수술을 잘해주셔서 그런거라 믿어용ㅎㅎ 천병준원장님 감사합니다^^
295,의사선생님 신뢰가고 꼼꼼히 설명해주셔서 안심됐어요.
296,"여전히 친절하게 진료봐주셔서 감사드립니다. 비염이 심해졌는데 바이러스때문에 병원안가려구  버티다가 약이 다떨어져서 결국 방문하게되었습니다 
건물자체 방역도 하고 병원에서 다른증상없는지 체크하고 예약 받아주셔서 병원다녀와도 안심되었어요 :)"
297,"지하철역 바로 앞이고 자세하게 진료봐주셨어요.
예약제라서 미리미리 예약해야 하네요..!"
298,"댓글평가대로 굉장히 친절하고 아픈데 괜찮은이유나 
설명을 자세히 해줘서 믿음이 갑니다. 
초음파로 눈으로 보면서 설명들을수 있어서 좋았음"
299,"원장님의 친절한 설명, 환자가 많지만 기다리는 것을 최소화 하려는 병원시스템에 감동했습니다. 
덕분에 불안에 떠는 시간이 줄었어요! 정말 감사드려요! 
(원장님 실력이야 말해뭐해 ㅎㅎ 우리나라 최고시니까요 ㅎㅎ)"
300,친절하시고 좋았어요~~~^^ 수술 예약했는데 잘 하길 바래요~~
301,병원 시설도 깔끔하고 선생님도 매우 친절하게 설명도 잘해주시고  좋습니다
302,시스템에 만족하고 상세한 진료가 마음에듭니다
303,만족!여자원장님 친절하셔요
304,실력 대박
305,친절하게 설명도 상세히 잘해주시고  감사합니다.
306,실력 좋으신 선생님으로 후유증 없이 잘 나았습니다~
307,"일단 너무너무 친절하세요 
이게왜생기는지 얼마나 불편햇을지 먼저 알아봐주셔셔 감사햇고 저는 일단 침샘제거하는 수술대신에 시술원해서 했는데 하루지낫지만 많이줄어드는게ㅜ보여요 ㅎㅎ  "
308,하원장님이 바쁘실텐데도 환자 배려를 많이 해주시네요. 초음파부터 세침까지 원장님이 직접 해주셔서 더욱 믿음이 갑니다
309,진짜 의사선생님..!!!
310,천병준 선생님 좋으십니다 !! 꼼꼼하시고 다정다감 하셔서 긴장된 마음이 많이 풀려서 좋았습니다.
311,전문성이 보인 병원이네요
312,"결과가 나와봐야알겠지만
병원 깨끗하고 진료볼때 설명 잘해주셨어요"
313,"듣던대로 원장님이 너무 친절하시고 자세히 설명해주셨습니다.
감사합니다."
314,"저는 이은정 원장님께 진료를 받았습니다 초진은 아니고 두번째 방문이었구요 추적 검사로 갑상선 초음파 받았어요~  원장님 전체적으로 꼼꼼하게 봐
주시고  이해하기 쉽게 설명도 해주시네요. 이전에 건강검진 받다가 갑상선에 혹이 있어서 좀 더 상세히 봐주는 곳을 찾다가 방문하게되었네요."
315,원장님 친절하셨습니다.
316,실력도 좋으시고 유명한거 같습니다
317,천병준 원장님께 진료 받았어요. 깨끗하고 좋은 장비로 꼼꼼하게 목 안쪽과 성대의 상태를 점검하고 촬영해서 화면으로 자세하게 설명해주셨어요. 그리고 간호사분들께서 환자분들에게 친절하게 잘대해주세요. 진료 잘 받고 가요👍
318,"타 병원에서 갑상선 추적관찰 하던 중 크기변화 있어서 진료 의뢰서 받고 병원 여러곳  알아보고 예약했어요.타병원에서는 세침검사 해보라해서 엄청 
겁 먹었었는데 하정훈 원장님께서 초음파 화면 저랑 함께  꼼꼼하게 살펴보면서 자세하게 설명해 주시고  세침 검사 안해도된다고 걱정하지 말라고  조
금 더 관찰 하자고하시네요.실력검증된  원장님께 진료 받으니 안심되네요.앞으로 이곳에서 계속 추적관찰할 예정입니다."
319,선생님이 친절하셨어요
320,"병원위치도금방찾기쉽고 ,,원장님도친절하게잘 상담해주셨어요"
321,진료잘봐주시고 병원이 깔끔해서 좋았어요
322,"의사쌤도 친절하시고 설명도 잘해주셔서 좋습니다

믿고 방문하셔도 됩니다"
323,민족합니다.
324,결과도 빨리 나오고 좋았어요
325,"하원장님께 진료 받았습니다 친절하고 자세히 설명해주셔서 좋았습니다
하원장님 실력이야 이미 유명하니 말할필요도 없구요~^^"
326,ㅋ빠른 검사와 약처방이 좋았어요.
327,"의사쌤 완전 쿨가이에 친절하고 실력 좋고, 간호사님들도 넘 이쁘시고 착하고 친절해요! 종양제거 수술 성공적ㅎ"
328,"침샘, 갑상선 관련하여 빠르고 꼼꼼한 진단이 좋았어요."
329,대학병원이 더 나은거 같습니다...
330,담당 선생님 친절히 잘 설명해주시고 진료 해주셨습니다.
331,"선생님은 정말 친절하시고 잘 봐주셨어요.
대기하고 가니 많이 기다리지 않아서 좋았구요, 단 건물에 suv차량 주차 안됩니다. 공지 안되있어서 엄청 돌았네요."
332,의사선생님친절하시고 꼼꼼히 봐주시ㅗㄱ 아이치료라 불안해하는 보호자 안심도 시켜주시고  감사합니다
333,원장님 간호사분들 모두 친절하시고 좋았어요 감사합니다
334,"의사  간호사 선생님  친절하시고 
대만족입니다"
335,"하정훈교수님이 바쁘신 중에도 세밀하게 진료봐주셨어요.
내분비내과 선생님께서도 잘 설명해주시니 감사드립니다. 의료보험덕분에 저렴히 진료를 볼 수 있는 것 같아요."
336,"사람이 많으니 꼭 예약하고 가세요
상담시 친절하고 꼼꼼하게 잘 설명해주셔서 좋습니다"
337,"예약하고 나서 전화로 확정 전화 받고 가셔요~ 천병준 원장님께 받았는데  진료도 세심하고 꼼꼼하십니다  세침검사도 안 아팠어요. 긴장하셨냐고 따숩
게 얘기해주셨네요 간호사 원장님 다 친절하셨어요~"
338,병원 시설도 좋고 천병준 원장님도 친절하게 설명해주셔서 믿음이 갔어요.
339,나름만족합니다
340,천원장님께 진료 받았습니다 친절하고 꼼꼼하게 설명해주셔서 좋았습니다
341,"평소 진료를 받았던 선생님이 아닌 다른 선생님께 진료를 받았는데, 진료가 상세하지 않고 그냥 처방만 해주셔서 별로였습니다"
342,원장님 굉장히 친절하시고 진료깔끔 하게 잘마쳤습니다 예약도 인터넷으로하고 갔는데 기다리는거  1도 없었어요 그냥 처음 부터 요기로 왔으면 좋았을껄 합니다
343,대학병원 수준
344,"천병준 원장님께 진료받았고요. 정말 만족했습니다. 
BIG 3 대학병원에서 진료 받다가, 여기로 왔는데요. 시설이나 뭐 대학병원에 꿀릴 게 없어요!"
345,병원시설부터 의사선생님도 너무 친절하시고 좋았습니다. 이비인후과 가실분 추천합니다!
346,"엄마 예약 잡아드린건데 편하네요
검사도 잘 받고 오신거같아요"
347,"예약부터 진료맟 검사까지 한번에 할 수 있어서 좋아요 오래기다리지 않는 점도 좋구요  선생님들 친절하세요 갑상선 카페 보시면 한원장님께 수술받
고 빨리 퇴원하시는 분들 보니까 믿음이 더 가더라고요 첫 진료부터 수술까지 한번에 할 수 있다는 큰 장점이 있습니다"
348,"지방에서 4시간을 걸려 새벽 첫차로 다니던 병원 진료기록과 CD복사해서 갔습니다 타병원에서 암수술 전절제 수술7년이 경과되었는데 조금만 무리해
도 전신피로감 대사질환 등 후유증 때문에 상담받고 싶었는데 타병원 검사결과지와 CD만 보시고 좋은병원에서 검사하셨네요 수치는 다 정상입니다 영
양제 맞고 쉬시라고 무성의한 답변만 들었습니다  제가 생각했던건 꾸준한 내분비적 사후관리를 생각했던터라 실망이 큰상태로 5분 상담하고 끝..."
349,"하정훈 원장님의 정확한 진단과 친절~
감동입니다!!!"
350,"쾌적하고 당일예약이 안되서 그런지 북적거리지 않아 좋았어요~ 예약 꼭 하고 가세요 하마종때문에 너무걱정많았는데  간단하게 시술하고 와서 좋았어요
감사합니다"
351,진료 잘해주셔서 감시 싹다나았네요
352,감기 때문에 갔는데 선생님도 간호 선생님들도 모두 친절하시고 건물도 깔끔하여 좋앗습니다.
353,예약해도 환자들이 많아 조금 기다리긴 했는데요 다른병원에서 독감증상이라는걸 여기서는 바로 편도염이라 진단해 주셨어요 ㅋㅋㅋ 약도 넉넉하게 지어주시구요 네이버예약 편하고 좋은거같아요
354,"선생님의 명성은 잘 알려져있지만 시스템적으로 불편한점이 많네요
예약을 하더라도 대기명단에 올리고 기다려야하구요
점심시간 껴서 갔더니 한시간 기다리고 CT찍으러 삼성동까지 갔다왔네요 정기검진 대상에게는 예약할때 미리 알려주면 좋겠네요"
355,천병준교수님께 진료 받았는데 친절하게 잘 설명해주셨어요
356,친절하시고 예약된 시간에 철저히 맞춰주셔서 신속하게 검진 잘 받았습니다.
357,"예약을 하고 가서 다행이에요~
엄청 환자가 많아서 원장님이 여기저기 바쁘게 다니셨지만... 진료를 소홀히 하지 않으시고 진료를 받은 어머니께서 만족하셨어요!
3개월 뒤 다시 가시겠다고 하시네요."
358,직원분들도 친절하시고 의사 선생님도 정확한 진료와 설명 친절해서 좋았습니다
359,"원장님 매번 너무 진료 잘해주시는 거 같아요~
참 담백하신 느낌입니다^^
감사합니다~~"
360,제가 간날 유난히 사람이 많았습니다 미리 예약하고 가지않았으면 엄청 기다릴뻔했습니다ㅜㅜ 담에도 예약하고가야겠어요
361,교통편도 편하고 지하철 입구에서 바로 앞이고 직원분들 친절하시고 사이트에 내용도 넘 잘 되어 있어 편안하게 진찰 받고 돌아왔습니다. 원장님 실력이야 최고시고요...^^
362,원장님 간호사님들 엄청 바빠보이셨는데도 환자 한 명 한 명 소홀히 하지않고 친절하게 대해주시는 점이 인상적이였어요!
363,"의사선생님 간호사분들 모두친절하셨어요
예약시간에 맞추어 바로 진료볼수있었던 점도 너무 좋았습니다"
364,의사선생님이 친절히 잘 설명해주시네요.
365,직원분들도 친절하고 의사선생님도 잘 설명해주셔서 좋았습니다 꼼꼼히 검사해주셨는데 아무이상 없어서 다행인거 같네요
366,예약으로 인한 빠르고 신속한 진료로 만족합니다만 입차식주차장에서의 기다림간 흡연자들로 인한 불쾌감은 얼굴을 찌푸리게 하네요
367,"기본적으로 선생님이 너무도 친절하고 자세하게 설명해주십니다. 
다른 병원에서는 받기 힘든 대접(?)입니다."
368,"친절한 의사 선생님께서 자세한 설명을 해 주시고 처방약도 효과가 확실합니다. 
강추합니다."
369,"엄마 모시고 갔는데 원장님, 간호사분들 다 넘 친절해서 좋았어요! 상세하게 설명해주시고요!!"
370,"의사샘.간호사샘도 친절하고 매우 만족합니다. 자세한 설명과 치료에 먼길 찾아갓지만 아주 기분좋게 진료받고 왓습니다. 다음에도 다시 꼭 가고 싶을 
정도로 만족합니다~ 너무 고맙습니다.^^"
371,"의사 선생님께서 너무 설명도 잘 해주시고 편안하게 진료 해주셔서 만족합니다 
병원 시설도 깔끔하고 간호사님들도 친절하세요
감사합니다"
372,의사선생님을 포함해서 너무 친절하게 대해 주시고 시설도 참 깨끗하고 좋았습니다^^
373,"예약제라 그런지 무한대기 없고 무한대기 싫으신 분들에게 좋을듯합니다 혀밑에 난거때문에 다니기 시작했는데 최대한 할수있는거 다 하시는편이고  
꼼꼼하게 봐주시는편이에요"
374,"병원 예약 시스템 정말 원클릭으로 끝나 간단해서 좋았습니다.예약된 시간에 가니 기다림 없이 전문적인 진료 받았고,뭣보다 선생님 최고!!
설명과 소견 무지한 일반인이 듣기 편하게 해주셔서 감가해요"
375,"예약한 시간에 기다리지 않고 바로 진료 볼 수 있어서 넘 좋았어요~
원장님 친절하게 잘 봐주시고  궁금한 점도 잘 설명해주셔서 감사했습니다!
^^"
