,ëŒ“ê¸€
0,"ì ‘ê·¼ì„± ì¢‹ì€ ê±´ ë„ˆë¬´ ë‹¹ì—°í•˜ê³ ìš”, ëŠ˜ ì¹œì ˆí•˜ê³  ì²´ê³„ì ì¸ ì‹œìŠ¤í…œì´ë¼ ì¢‹ì•„ìš©~"
1,ì¹œì ˆí•˜ì‹­ë‹ˆë‹¤
2,"êµì •ë°›ê³ ìžˆëŠ”ë° ì›ìž¥ë‹˜,ì§ì›ë¶„ë“¤ ì¹œì ˆí•˜ê³  ìž˜í•´ì£¼ì„¸ìš”~~^^"
3,"ì´ì œ ì§„ì§œë¡œ ê±°ì˜ ëì„ ë³´ì•„ê°€ë„¤ìš”~ ê·¸ëƒ¥ ëŒ€ì¶© ì •ë¦¬í•˜ê³  ëë„¤ì‹¤ìˆ˜ë„ ìžˆìœ¼ì‹¤í…ë° ëê¹Œì§€ ë¼ì¸ ë§žì¶”ê³  êµí•© ë§žì¶°ì£¼ì‹œë ¤ê³  ì›”ë¹„ë„ ëë‚¬ëŠ”ë°ë„ ëê¹Œì§€ ì±…
ìž„ì ¸ì£¼ì‹œê³   ê³„ì† ë‚˜ì˜¤ë¼ëŠ” ì›ìž¥ë‹˜ì´ ê°ì‚¬í•˜ë„¤ìš”~ ì •ë§ ë§Œì¡±í•©ë‹ˆë‹¤"
4,ì¶”ì²œë“œë¦½ë‹ˆë‹¤~~
5,ìƒë‹´ì¡°ì•„ìš”
6,í•­ìƒ ê°€ëŠ” ì¹˜ê³¼ìž…ë‹ˆë‹¹
7,êµì •ì¹˜ë£Œì¤‘ ë„ˆë¬´ ì¢‹ì•„ìš”! 
8,íŽ¸ì•ˆí•˜ê³  ì¹œì ˆí•˜ê²Œ ìŠ¤ì¼€ì¼ë§ ë°›ì•˜ìŠµë‹ˆë‹¤. ë‹¤ë¥¸ ë¶„ ë¦¬ë·°ì²˜ëŸ¼ ìŠ¤ì¼€ì¼ë§ ë°›ëŠ”ì¤‘ í†µì¦ì´ ì—†ì–´ì„œ ì¢‹ì•˜ì–´ìš”. ì €ëŠ” ê¸ˆë‹ˆ ì‚¬ì´ê°€ ë»‘ë»‘í•´ì„œ ì¹˜ì‹¤ì‚¬ìš©ì´ ëŠ˜ ë¶ˆíŽ¸í–ˆëŠ”ë° ê·¸ ë¶€ë¶„ ì¹˜ì‹¤ì‚¬ìš©íŒë„ ì•Œë ¤ì£¼ì…”ì„œ ê°ì‚¬í–ˆìŠµë‹ˆë‹¤ :-)
9,11ë…„ì „ì— êµì •ë°›ê³  ì •ê¸°ê²€ì§„ ê°”ì–´ìš”. êµì • ì™„ì „ ë§Œì¡±ìž…ë‹ˆë‹¤
10,ì¹œì ˆí•˜ê³  ì•„ì£¼ ì¢‹ì•„ìš”! êµì •ì¤‘ìž…ë‹ˆë‹¹
11,êµì •í•˜ê³ ìžˆëŠ”ë° ì›ìž¥ë‹˜í¬í•¨í•´ì„œ ì§ì›ë¶„ë“¤ ë‹¤ ì¹œì ˆí•´ìš”ã…Žã…Ž
12,ê¹”ë”í•´ìš”
13,ì¹œì ˆí•˜ì‹œê³  ì‹¤ë ¥ êµ¿!
14,"ì´ì œ í•œë‘ë‹¬ ë‚¨ì•˜ë„¤ìš”~ ë§ˆì§€ë§‰ê¹Œì§€ ê¼¼ê¼¼í•˜ê²Œ ë¹ ì§„ ê±° ìžˆë‚˜, ë¶ˆë§Œì€ ìžˆë‚˜ ëê¹Œì§€ ì±™ê²¨ì£¼ì‹œëŠ” ëª¨ìŠµì— ê°ë™ë°›ì•˜ìŠµë‹ˆë‹¤~ ì´ì œ ë§ˆìŠ¤í¬ ë²—ê³  ì›ƒìœ¼ë©° ë‹¤ë‹ìˆ˜ ìžˆê²Œ ë˜ì—ˆì–´ìš”~~ ê°ì‚¬í•©ë‹ˆë‹¤"
15,"ë„˜ ì¹œì ˆí•˜ê³  ì¢‹ì•„ìš”~^^
ìƒê°ë³´ë‹¤ ì•„í”„ì§€ë„ ì•Šë„¤ìš”"
16,"êµì •ì¹˜ë£Œì¤‘ìž…ë‹ˆë‹¹ 
í•­ìƒì¹œì ˆí•˜ì„¸ìš”!"
17,ë„ˆë¬´ ì¢‹ì•„ìš”! ì¹œì ˆ!
18,ë‚´ ì¹˜ì•„ ã… ã…  ë”ì´ìƒ ì•ˆ ìƒí•˜ê²Œ ìžì£¼ ì™”ì–´ì•¼í–ˆëŠ”ë° í‘
19,ì¹œì ˆí•˜ì‹œê³  ì‹¤ë ¥ë„ ì¢‹ìš°ì‹¬. ê¼¼ê¼¼ížˆ ì‹ ê²½ì¨ì£¼ì‹œëŠ”ê²Œ ëŠê»´ì§‘ë‹ˆë‹¤ ^^
20,ìŠ¤ì¼€ì¼ë§ ê¼¼ê¼¼í•˜ê²Œ í•´ì£¼ì…”ì„œ ê³„ì† ë‹¤ë…€ìš” ê°€ê²©ì´ ì¡°ê¸ˆ ì˜¬ëžë„¤ìš”
21,"êµì •ì¹˜ë£Œ ë°›ê³  ìžˆì–´ìš”! 
ë„ˆë¬´ ì¹œì ˆí•˜ì‹œê³  ì¢‹ìŠµë‹ˆë‹¹.ã…Žã…Ž"
22,"ì´ì œ ì„¸ë‹¬ ì •ë„ ë‚¨ì•˜ë„¤ìš”~ ëê¹Œì§€ ë””í…Œì¼í•˜ê²Œ í•˜ë‚˜í•˜ë‚˜ ë‹¤ ì§šì–´ì£¼ì‹œê³ , ê¼¼ê¼¼í•˜ê²Œ ìµœìƒì˜ êµí•©ê³¼ ì‹¬ë¯¸íš¨ê³¼ë¥¼ ê±°ë‘ê¸° ìœ„í•´ì„œ ì•„ì£¼ ëê¹Œì§€ ì‹ ê²½ì¨ì£¼ì‹œê³  ëª¨ë‹ˆí„°ë§í•´ì£¼ì‹œë„¤ìš”~ ì•„ì£¼ ë§Œì¡±í•©ë‹ˆë‹¤^^"
23,ëª‡ë…„ì „ êµì • ì•Œì•„ë³´ë‹¤ê°€ ì¹œêµ¬ê°€ í–ˆë˜ ê³³ ì¶”ì²œë°›ì•„ í•˜ê²Œ ë˜ì—ˆì–´ìš”. êµì • ëë‚˜ê³  êµ‰ìž¥ížˆ ì˜¤ëžœë§Œì— ê²€ì§„í•˜ëŸ¬ ì°¾ì•„ì™”ëŠ”ë° ì—¬ì „ížˆ ë‹¤ë“¤ ì¹œì ˆí•˜ì‹œê³  ê¼¼ê¼¼ížˆ ë´ì£¼ì‹­ë‹ˆë‹¤.
24,ì¹œì ˆí•´ìš”
25,êµì •ë¶€í„° ìœ ì§€ê¹Œì§€ 5ë…„ë„˜ê²Œ ë‹¤ë‹ˆê³  ìžˆìŠµë‹ˆë‹¤~ê¼¼ê¼¼í•˜ì‹œê³  ì¹œì ˆí•˜ì…”ì„œ í•­ìƒ ë§Œì¡±ìŠ¤ëŸ¬ì›Œìš”! 
26,ì¹œì ˆí•´ìš”
27,ì¹œì ˆí•©ë‹ˆë‹¤
28,êµ¿
29,êµ¿
30,7ë…„ë„˜ê²Œ ë‹¤ë‹ˆëŠ”ê³³. ì„ ìƒë‹˜ì´ ë°”ë€Œì–´ë„ ê· ë“±í•œ ì˜ë£Œì„œë¹„ìŠ¤ ê¸°ëŒ€í• ìˆ˜ ìžˆëŠ”ê³³ìž…ë‹ˆë‹¤
31,ì¹œì ˆí•˜ì‹œê³  ì‹¤ë ¥ë„ ì¢‹ì•„ìš”
32,ë‹¤ë‹Œì§€ ë²Œì¨ 10ë…„ ë„˜ì€ ì¹˜ê³¼â™¡ í•­ìƒ ì¹œì ˆí•œ ì›ìž¥ë‹˜ê³¼ ì§ì›ë¶„ë“¤ ê°ì‚¬í•´ìš”!!!
33,í•­ìƒ ì¹œì ˆí•˜ì‹œê³  ê¼¼ê¼¼í•˜ì„¸ìš”!
34,"ì´ì œ 3ê°œì›” ë‚¨ì•˜ë„¤ìš”~ ìš”êµ¬ì‚¬í•­ í•˜ë‚˜í•˜ë‚˜ ë¹ ì§ì—†ì´ ê¼¼ê¼¼í•˜ê²Œ ë””í…Œì¼í•˜ê²Œ ë‹¤ ì²´í¬í•´ì£¼ì‹œê³  ë§Œì¡±ìŠ¤ëŸ½ê²Œ í•´ê²°í•´ì£¼ì‹œê³  ë„˜ë‚˜ ë§Œì¡±ìŠ¤ëŸ½ìŠµë‹ˆë‹¤~ ëª¨ë“  ìž¬ë£Œê°€ ì‹¸êµ¬ë ¤ ì•„ë‹ˆê³  ê³ ê¸‰ì´ê³  ì•„ë‚Œì—†ì´ ì‚¬ìš©í•´ì£¼ì‹œëŠ” ê²ƒ ê°™ìŠµë‹ˆë‹¤~ ì¹˜ì•„ ë°°ì—´ë„ ë§ˆìŒì— ì™ ë“¤ì–´ìš”~ ì•„í”„ì§€ ì•Šê²Œ ë°°ë ¤í•´ì£¼ì‹œê³ ìš”~ ì„œìš¸ í•œë³µíŒì— ì´ì •ë„ ì‹¤ë ¥ì— ì´ì •ë„ ê°€ê²©ì—, ì´ë§Œí•œ ê³³ ì—†ì–´ìš”~~ ê°•ì¶”í•©ë‹ˆë‹¤"
35,"ì´ˆë“±ë•Œí–ˆë˜ êµì •ì´ í‹€ì–´ì ¸ì„œ ì™„ë²½ì£¼ì˜ ì¹œë™ìƒì´ ê·¹ì°¬í•œ ê³ ìš´ë¯¸ì†Œì—ì„œ ìž¬êµì •ì„ í–ˆìŠµë‹ˆë‹¤.í°ì•„ì´ ìœ¡ì•„ì™€ ë‘˜ì§¸ ìž„ì‹ ë° ì¶œì‚°ì˜ ê¸´ ì—¬ì •ê¹Œì§€ ê³ ìš´ë¯¸ì†Œì¹˜
ê³¼ ë•ë¶„ì— ì•ˆì „í•˜ê³  íŽ¸ì•ˆí•˜ê²Œ 2015ë…„ 4ì›”  ì¢…ê²°í–ˆìŠµë‹ˆë‹¤. ìž‘ë…„ 8ì›”  ë°©ì†¡ì—ì„œ ì ‘í•œ ì••êµ¬ì •ìª½ì˜ ì†Œì•„êµì •ì¹˜ê³¼ì—ì„œ í° ì•„ì´ êµì •ì„ ì‹œìž‘í–ˆëŠ”ë° ì œê°€ ê²½í—˜
í–ˆë˜ ê³ ìš´ë¯¸ì†Œì™€ ë‹¤ë¥¸ ëŠë‚Œì˜ ì¹˜ê³¼ê°€ ë¯¿ìŒì´ ê°€ì§€ ì•Šì•„  ì˜¤ëŠ˜ ìµœë‚™ì²œ ì„ ìƒë‹˜ê»˜ ìƒë‹´ ë°›ê³  ì™”ì–´ìš”. íƒ€ì¹˜ê³¼ì—ì„œ êµì •ì¤‘ì¸ í™˜ìžë¥¼ ì²´í¬í•´ì£¼ì‹œëŠ”ê²ƒì´..."
36,ì•„ì£¼ ì¢‹ì•„ìš”!!!
37,"10ë…„ ë„˜ê²Œ ë‹¤ë‹Œê³³ì¸ë°ë„ ì—¬ì „ížˆ ë§Œì¡±í•˜ë©° ë‹¤ë‹ˆê³  ìžˆìŠµë‹ˆë‹¤  ë°ìŠ¤í¬ë¶„ë“¤ë„ ì¹œì ˆí•˜ì‹œê³  ì›ìž¥ë‹˜ë„ ë„ˆë¬´ ì¢‹ì•„ìš”  êµì •ê³¼ ì¶©ì¹˜ì§„ë£Œ ë‹¤ê°™ì´ ë³¼ìˆ˜ ìžˆì–´ì„œ íŽ¸
í•´ìš”  ì£¼ë³€ì— ì¶”ì²œí•´ë„ ìš•ë¨¹ì§€ ì•ŠëŠ” ê³³ì´ì˜ˆìš”"
38,ì¹œì ˆí•˜ê²Œ ì¹˜ë£Œí•´ì£¼ì…”ì„œ ê°ì‚¬í•©ë‹ˆë‹¤!
39,ê³„ì†  ì´ì¹˜ê³¼ë§Œ ì´ìš©í•´ìš” ì›ìž¥ë‹˜ ì§ì›ë¶„ë“¤ë‹¤ ì¹œì ˆí•˜ì„¸ìš” ê³¼ìž‰ì§„ë£Œ ì—†ìŠµë‹ˆë‹¤
40,ì¹œì ˆí•˜ì„¸ìš” ê°ì‚¬í•©ë‹ˆë‹¤
41,ì›ìž¥ì„ ìƒë‹˜ ì¹œì ˆí•˜ì„¸ìš”~~
42,"ìž„í”Œëž€íŠ¸ ì¤‘ìž…ë‹ˆë‹¤.
ê°„í˜¸ì‚¬ ë¶„ë“¤ì´ ë§¤ìš° ì¹œì ˆí•˜ì„¸ìš”~!"
43,"ëª¨ë“  ë¶„ë“¤ ì¹œì ˆí•˜ê³  ê¼¼ê¼¼í•˜ê³  ìž˜ ë´ì£¼ì„¸ìš” ^^ 
ì¶”ì²œìž…ë‹ˆë‹¤~ ì¹«ì†”ë„ ì¢‹ë„¤ìš”!"
44,"ìŠ¤ì¼€ì¼ë§ì„ ê¼¼ê¼¼í•˜ê²Œ ìž˜ í•´ì£¼ì…¨ì–´ìš”~
í‰ì¼ ì˜¤ì „ì— ë°©ë¬¸í•˜ë‹ˆ ì¢‹ë„¤ìš” ã…Žã…Ž íšŒì‚¬ëž‘ ê°€ê¹Œì›Œìš”"
45,í•­ìƒ ì˜¬ ë•Œë§ˆë‹¤ ê¼¼ê¼¼ížˆ ë´ì£¼ì…”ì„œ ë„˜ë‚˜ ì¢‹ì•„ìš”ðŸ’™
46,12ë…„ ì „? êµì •ë°›ê³  ê¾¸ì¤€ížˆ ë‹¤ë‹ˆëŠ”ë°.. êµì •ë„ ìž˜ ëê³  ì¹˜ë£Œë„ ì•„í”„ì§€ ì•Šê²Œ í•´ì£¼ì…”ì„œ ì¢‹ìŠµë‹ˆë‹¤
47,ì •í™•í•œ ì§„ë‹¨ê³¼ ìµœì‹ ì˜ ì¹˜ë£Œì— ë§Œì¡±í•©ë‹ˆë‹¤.
48,ì¢‹ì•„ìš”!
49,ì¢‹ì•„ìš”
50,ì›ìž¥ë‹˜ê³¼ ì„ ìƒë‹˜ë“¤ ëª¨ë‘ ì¹œì ˆí•˜ì‹œê³  ì „ë¬¸ì ì´ì–´ì„œ í•­ìƒ ë¯¿ê³  ì˜¤ëŠ” ì¹˜ê³¼ìž…ë‹ˆë‹¤!
51,êµì •í•˜ëŸ¬ ì¼ë…„ì§¸ ë‹¤ë‹ˆëŠ”ë° ì¹œì ˆí•˜ê³  ê¼¼ê¼¼í•˜ê³  ì¢‹ì•„ìš”~Ì†Ìˆ~Ì†Ìˆ~
52,ê³ ì •ìž¥ì¹˜ê°€ ë–¨ì–´ì ¸ì„œ ë°©ë¬¸í–ˆëŠ”ë° ì¹œì ˆí•˜ê²Œ ì§„ë£Œí•´ ì£¼ì…¨ì–´ìš”
53,ë¹„ë°œì¹˜ êµì •í•˜ê¸° ì¢‹ì•„ìš”! ë§¤ë‹¬ ì›ìž¥ë‹˜ì´ ê¼¼ê¼¼í•˜ê²Œ ë´ì£¼ì‹­ë‹ˆë‹¤:)
54,ì¢‹ì•„ìš”!!
55,ì¹˜ë£Œ ìž˜ë°›ì•˜ìŠµë‹ˆë‹¤ ì¢‹ì€í•˜ë£¨ë˜ì„¸ìš”~^^
56,"í•­ìƒ ì¹˜ë£Œ ìž˜ë°›ê³  ìžˆìŠµë‹ˆë‹¤!
ë‹¤ë“¤ ì¹œì ˆí•˜ì‹œê³  ë„ˆë¬´ ì¢‹ì•„ìš” ã…Žã…Ž"
57,"ìž‘ë…„ì— ë°©ë¬¸í•˜ê³  ë‘ë²ˆì§¸ ë°©ë¬¸í–ˆìŠµë‹ˆë‹¤ ë‹¤ì‹œ ì°¾ëŠ” ì´ìœ ëŠ” ì—­ì‹œë‚˜ ê³¼ìž‰ì§„ë£Œê°€ ì—†ì–´ì„œ  ìž…ë‹ˆë‹¤ ì¹˜ê³¼ë¥¼ ì°¾ì„ ë•Œ í•­ìƒ ê±±ì •í•˜ëŠ” ë¶€ë¶„ì¤‘ì— í•˜ë‚˜ ì¹˜ë£Œë¹„ ë¶€ë‹´
ì¸ë° ê·¸ë¶€ë¶„ ë§Œí¼ì€ ê±±ì •ì—†ì´ ë¯¿ê³  ì¹˜ë£Œ ë°›ì„ ìˆ˜ ìžˆëŠ” ì ì´ ë„ˆë¬´ ì¢‹ìŠµë‹ˆë‹¤ ë˜ ê³ ìƒí•˜ì‹œëŠ” ì¹˜ìœ„ìƒì‚¬ ë¶„ë“¤ì— ì¹œì ˆë„ê°€ ê°ë™ì ìž…ë‹ˆë‹¤ ê°ì‚¬í•©ë‹ˆë‹¤"
58,êµì • ì§„ë£Œ ë§¤ë²ˆ ë°›ì„ ë•Œë§ˆë‹¤ ì›ìž¥ë‹˜ê³¼ ì¹˜ìœ„ìƒì‚¬ë¶„ë“¤ì´ ì¹œì ˆí•˜ê³  ìžì„¸í•˜ê²Œ ì•Œë ¤ì£¼ì…”ì„œ íŽ¸ì•ˆí•œ ì§„ë£Œ ë°›ê³  ê°‘ë‹ˆë‹¤!
59,ì¢‹ì•„ìš”~ ìž˜ë°›ì•˜ì–´ìš”
60,"ì—¬ëŸ¬ì¹˜ì•„ ëª‡ë‹¬ì— ê±¸ì³ì„œ ì¹˜ë£Œí–ˆëŠ”ë°, ë§¤ë²ˆ ì¹œì ˆí•˜ê²Œ ì„¤ëª…í•´ì£¼ì…”ì„œ ì´í•´í•˜ê³  ì§„ë£Œë°›ì„ ìˆ˜ ìžˆì–´ì„œ ì¢‹ì•˜ìŠµë‹ˆë‹¤:)"
61,ë§¤ìš° ì¹œì ˆí•˜ì‹­ë‹ˆë‹¤!
62,ë„˜ë¬´ ì¡°ì•„ìš©ìš©
63,êµì •ì¹˜ë£Œì¤‘ì´ì˜ˆìš”~ í•­ìƒ ì²­ê²°í•˜ê³  ì¹œì ˆí•˜ì„¸ìš” ã…Žã…Ž
64,ì¹œì ˆí•˜ê²Œ ìž˜ ë´ì£¼ì…¨ìŠµë‹ˆë‹¤ :) 
65,ì¹œì ˆí•˜ê²Œ ì„¤ëª…í•´ì£¼ì…”ì„œ ì¢‹ì•„ìš”
66,ì €ëŠ” í‰ì†Œì—ë„ ìŠ¤ì¼€ì¼ë§ 6ê°œì›”ë§ˆë‹¤ ë°›ëŠ” íŽ¸ì´ì—ìš”. ì´ë²ˆì—ëŠ” ìŠ¤ì¼€ì¼ë§ ë³´ë‹¤ ê¼¼ê¼¼í•˜ê²Œ í•˜ê³  ì‹¶ì–´ì„œ ì´ê³³ì €ê³³ ì°¾ë‹¤ê°€ ì•Œê²Œ ëëŠ”ë° ìŒ¤ê»˜ì„œ ì œ ì¹˜ì•„ê°€ ì–´ë–¤ì§€ ì²´í¬ë„ í•´ì£¼ì‹œê³  ê¹”ë”í•˜ê²Œ ì†Œë…ì— ì¹¼ìŠ˜í¬ë¦¼?ê¹Œì§€ ë°œë¼ì£¼ì…”ì„œ ë„˜ ê¸°ë¶„ ì¢‹ì•˜ìŠµë‹ˆë‹¤ :) ê°ì‚¬í•©ë‹ˆë‹¤!!
67,ë³‘ì›ì‹œì„¤ë„ ì¢‹ê³  ì˜ì‚¬ì„ ìƒë‹˜ ì§ì›ë¶„ë“¤ ëª¨ë‘ ì¹œì²œí•˜ì‹œê³  ì„±ì˜ìžˆê²Œ ì¹˜ë£Œí•´ì£¼ì…¨ìŠµë‹ˆë‹¤
68,ìŠ¤ì¼ˆë§ ì¹˜ë£Œ í•˜ê³  ê°‘ë‹ˆë‹¤ ì²˜ìŒ ì˜¨ ë³‘ì›ì¸ë° ë„ˆë¬´ ì¹œì ˆí•˜ì‹œê³  ì •ì„±ì„ ë‹¤í•´  í•´ì£¼ì…”ì„œ ë‹¤ìŒì— ê¼­ ì˜¤ê³  ì‹¶ì€ ë³‘ì›ìž…ë‹ˆë‹¤ ì ê·¹ ì¶”ì²œë“œë¦½ë‹ˆë‹¤
69,ì½¤ë¹„êµì •ìœ¼ë¡œ íŽ¸í•˜ê²Œ ìž˜ ë‹¤ë‹ˆêµ¬ìžˆì–´ì—¬!!!!
70,"ì¸í„°ë„·ìœ¼ë¡œ  ì˜ˆì•½ íŽ¸ë¦¬í•˜ë„¤ìš”
ì¢‹ì•„ìš”"
71,êµì •ë•Œë¬¸ì— ë§¤ë²ˆë‹¤ë‹ˆê³ ìžˆëŠ”ë° ì›ìž¥ë‹˜ì´ëž‘ ì§ì›ë¶„ë„ì¹œì ˆí•˜ì‹œê³  ì¢‹ì•„ìš”~
72,"ì¹«ì†”ì§ˆ ì–´ë””ê°€ìž˜ë˜ê³ ì•ˆë˜ê³ ë„ í™•ì¸í•´ì£¼ì‹œê³  ìŠ¤ì¼ˆë§ë„ ê¼¼ê¼¼í•˜ê²Œ ìž˜í•´ì£¼ì…¨ì–´ìš” ë§ˆì§€ë§‰ì—” ì¹«ì†”ì§ˆì´ëž‘ ì¹˜ê°„ì¹«ì†”ê¹Œì§€í•´ì£¼ì…”ì„œ ë„ˆë¬´ë‚˜ ê°œìš´í•´ìš”ã…Žã…Žã…Žã…Ž 
ë‹¤ìŒì—ë„ ì¹˜ìœ„ìƒì‚¬ë‹˜ê»˜ ì˜ˆì•½í•˜êµ¬ì˜¬ê²Œì—¬! ì•„ ì¹«ì†”ì§ˆí•´ì£¼ì‹  ì¹«ì†”ë„ ìž˜ ì“°ê² ìŠµë‹ˆë‹¹^^ðŸ˜€"
73,êµ¿
74,ì¢‹ì•„ìš”.
75,ì¢‹ì•„ìš”
76,ì¹˜ë£Œìž˜í•´ì£¼ì‹œê³   ì¢‹ì•„ìš”
77,7ë…„ì§¸ ë‹¤ë‹ˆê³  ìžˆì–´ìš” ! ì •ë§ ì¹œì ˆí•˜ê³  ì‹¤ë ¥ ì§± !
78,"ì´ì œ 4ë‹¬ ì •ë„ ë‚¨ì•˜ë„¤ìš”~ ê±°ì˜ ëì„ í–¥í•´ ë‹¬ë ¤ê°‘ë‹ˆë‹¤~ ë˜‘ë˜‘í•˜ì‹œê³  ê¼¼ê¼¼í•˜ì‹  ì˜ì‚¬ì„ ìƒë‹˜ ë•ì—  ë¶ˆíŽ¸í•¨ ì—†ì´ ë§Œì¡±ìŠ¤ëŸ½ê²Œ ëë‚˜ê°€ìš”~  ì¹˜ì•„ ë°°ì—´ë„ ë§Œì¡±ìŠ¤
ëŸ½ê³  ì¢‹ì•„ìš”"
79,ì¢‹ì•„ìš”
80,í•­ìƒ ì¹œì ˆí•˜ê²Œ ìž˜í•´ì£¼ì…”ì„œ ê°ì‚¬í•©ë‹ˆë‹¤
81,ì§„ë£Œ ë´ì£¼ì‹  ê°„í˜¸ì‚¬ìƒ˜ê³¼ ìµœë‚™ì²œìƒ˜ ë„ˆë¬´ ì¹œì ˆí•˜ì„¸ìš”~
82,ìŠ¤ì¼€ì¼ë§ ë¶ˆì†Œë„í¬ ìž˜ë°›ê³ ê°€ìš” ^^
83,ì¹œì ˆí•˜ê²Œ ì§„ë£Œí•´ì£¼ì…”ì„œ ì¢‹ì•˜ìŠµë‹ˆë‹¤.
84,êµì • ìž˜í•˜ê³ ìžˆì–´ì—¬! ê¹”ë”í•˜ê±° ì¹œì ˆí•´ì„œ ì¶”ì²œí•©ë‹ˆë‹¤â¤ï¸
85,í•œ ë‹¬ë§ˆë‹¤ êµì • ê²½ê³¼ ë³´ëŸ¬ ì˜¤ëŠ”ë° í•­ìƒ ì¹œì ˆí•˜ê²Œ ì•ˆë‚´í•´ì£¼ì‹œê³  ì¹˜ë£Œí•´ì£¼ì…”ì„œ ë§Œì¡±í•´ìš”
86,ì´ë²¤íŠ¸ë„ ìžì£¼ ì§„í–‰í•´ì£¼ì‹œê³  ë„ˆë¬´ íŽ¸ì•ˆí•˜ê²Œ ìž˜ ë‹¤ë‹ˆê³  ìžˆì–´ìš”!
87,ì²˜ìŒ ë°©ë¬¸í•´ì„œ ìŠ¤ì¼€ì¼ë§ ë°›ì•˜ëŠ”ë° ìž˜ í•´ì£¼ì‹œê³  ë˜ ì¹œì ˆí•˜ê²Œ ì‘ëŒ€í•´ ì£¼ì…”ì„œ ì•„ì£¼ ì¢‹ì•˜ìŠµë‹ˆë‹¤!
88,"ì˜ˆì•½í•˜ê³  ì™€ì„œ ëŒ€ê¸°ì—†ì´í•´ì„œ ì¢‹ì•˜ì–´ìš” ^^
ìž‘ë…„ì—ì´ì–´ì„œ ì˜¬í•´ë„ ì—¬ê¸°ì„œ ìŠ¤ì¼ˆë§ë°›ì•˜ì–´ìš” ê¼¼ê¼¼í•˜ê³  ì¢‹ì•„ìš” ê°ì‚¬í•©ë‹ˆë‹¤"
89,ë‹¤ë“¤ ì¹œì ˆí•˜ì‹­ë‹ˆë‹¤ ðŸ‘
90,"í•­ìƒ ì¹œì ˆížˆ ì§„ë£Œí•´ì£¼ì…”ì„œ
íŽ¸í•˜ê²Œ ì¹˜ì•„êµì • ì¤‘ìž…ë‹ˆë‹¤!"
91,ë§¤ë²ˆ ì˜¤ëŠ” ê³³ì¸ë° ì¹œì ˆí•˜ë„¤ìš” 
92,ìŠ¤ì¼€ì¼ë§ ë°›ì•˜ìŠµë‹ˆë‹¤. ìŠ¤ì¼€ì¼ë§ í•˜ë©´ ì‹œë¦°ëŠë‚Œì´ ë‚˜ê¸° ë§ˆë ¨ì¸ë° ì‹œë¦°ëŠë‚Œì—†ì´ ì•„ì£¼ íŽ¸ì•ˆížˆ ìŠ¤ì¼€ì¼ë§ ë°›ì•˜ë„¤ìš”. ì¹˜ìœ„ìƒì‚¬ë¶„ë„ ì •ë§ ì¹œì ˆí•˜ì‹œê³  ê¸°ë¶„ì¢‹ê²Œ ì¹˜ë£Œë°›ì•˜ë„¤ìš”. ê°ì‚¬í•©ë‹ˆë‹¤!
93,ìµœë‚™ì²œ ì„ ìƒë‹˜ê»˜ êµì • ì¹˜ë£Œ ìž˜ ë°›ê³  ìžˆìŠµë‹ˆë‹¤~ ì¢‹ì•„ìš”.
94,ì „ì²´ì ìœ¼ë¡œ ì˜ì‚¬ìŒ¤ì´ëž‘ ë‹¤ë¥¸ìŒ¤ë“¤ ë‹¤ ì¹œì ˆí•˜ì…¨ì–´ìš” íŠ¹ížˆ ì‹¤ìž¥ë‹˜ì´ ë„ˆë¬´ì¹œì ˆí•˜ì…”ì„œ ê¸°ë¶„ì¢‹ì•˜ì–´ìš” ë‹´ì£¼ì— êµì • ì •ë°€ê²€ì‚¬í•œê±° ìƒë‹´í•˜ëŸ¬ê°€ëŠ”ë° ë˜ë´¬ìš© >__<
95,ì˜ì‚¬ì„ ìƒë‹˜ ì¹œì ˆí•˜ì‹œê³  í•­ìƒ ëŠ¦ê²Œ ê°€ì§€ë§Œ ê°„í˜¸ì‚¬ ë¶„ë“¤ë„ ì¹œì ˆí•˜ê²Œ í•´ì£¼ì…”ìš”!
96,ì‹œì„¤ ì¢‹ê³  ì§ì›ë“¤ ì¹œì ˆ í•˜ì‹œê³  ê·¸ë³´ë‹¤ë„ ì˜ì‚¬ë¶„ë“¤ì´ ë¯¿ìŒì´ ê°‘ë‹ˆë‹¤ ìž„í”Œëž€íŠ¸ í•´ ë‹¬ë¼ê³  í–ˆëŠ”ë° ê¸°ì¡´ì¹˜ì•„ ì“¸ ìˆ˜ ìžˆì„ë•Œ ê¹Œì§€ ì¨ ë³´ë¼ê³  í•˜ë„¤ìš”
97,êµì • ì¹˜ë£Œ ì¤‘ì¸ë° ì˜ì‚¬ìŒ¤ë„ ë„ˆë¬´ ì¢‹ê³  ê°„í˜¸ì‚¬ë¶„ë“¤ë„ ë„ˆë¬´ ì¹œì ˆí•˜ì„¸ìš”â—ï¸ ì‹œì„¤ë„ ì™„ì „ ê¹¨ë—â£ï¸â£ï¸
98,"ì´ì œ 5ê°œì›” ë‚¨ì•˜ë„¤ìš”~ ì§€ì¸ì´ ë‹¤ë¥¸ ì¹˜ê³¼ì—ì„œ êµì •í•˜ëŠ” ê±° ë“¤ì–´ë³´ë©´ ìœ—ë‹ˆëŠ” ë¹„ì‹¼ í‹€ë¡œ(í•˜ì–€ íˆ¬ëª… ìž¥ì¹˜?)í•˜ëŠ”ë° ì•„ëž«ë‹ˆëŠ” ì² ì‚¬í‹€?(ì „ì²´ê°€ ì² ì‚¬)ë¡œ í•´ì„œ ë¹„ìš© ì¤„ì´ë ¤ê³  ê·¸ëŸ°ë‹¤ëŠ”ë°, ì—¬ê¸°ëŠ” ì „í˜€ ê·¸ëŸ° ê±° ì—†êµ¬ìš”, ì¢‹ì€ ì†Œìž¬ë§Œ ì¨ìš”~ ì•„ë‚Œì—†ì´~  ëª…ì¾Œí•˜ê³  í´ë¦¬ì–´í•˜ê²Œ ëŠ˜ ê¶ê¸ˆì¦, ë¶ˆíŽ¸í•œê±° í•´ê²°í•´ì£¼ì‹œê·œìš”"
99,"êµì •í›„ì—ë„ ë©€ì§€ë§Œ í•­ìƒ ë§Œì¡±í•˜ë©° ë°©ë¬¸í•˜ëŠ”ë³‘ì›!
ì¼ë°˜ ì§„ë£Œë„ ê°™ì´ ì§„í–‰í•´ì£¼ì…”ì„œ ê´€ë¦¬ì— ë§Œì¡±í•©ë‹ˆë‹¤~ ìŠ¤ì¼€ì¼ë§ í•´ì£¼ì‹œëŠ” ì„ ìƒë‹˜ë“¤, ì˜ë£Œì§„ë“¤ ë‹¤ë“¤ ì¹œì ˆí•˜ì…”ì„œ í•­ìƒ ê°ì‚¬í•´ìš”~"
100,ë„ˆë¬´ ì¹œì ˆí•˜ê²Œ ì„¤ëª…í•˜ì‹œë©´ì„œ ê¹”ë”í•˜ê²Œ ìŠ¤ì¼€ì´ë§ í•´ì£¼ì…¨ìŠµë‹ˆë‹¤. ëŒ€ê¸° ì‹œê°„ë„ ì—†ê³  ë§Œì¡±í•©ë‹ˆë‹¤
101,"ìµœë‚™ì²œì›ìž¥ë‹˜ê³¼ ê¹€ìœ ì§„ë‹˜ ì •ë§ ì¹œì ˆ í•˜ì„¸ìš”  ì œê°€ ì´ ì¹˜ê³¼ì— ë‹¤ë‹Œì§€ 5ë…„ ê°€ëŸ‰ì´ ë˜ì—ˆê³   ì´ ê³³ì—ì„œ êµì • ì¹˜ë£Œ ê¹Œì§€ í•˜ê³  ìžˆìŠµë‹ˆë‹¤  í™˜ìžì˜ ë‹ˆì¦ˆë¥¼ ì •í™•ížˆ
 íŒŒì•…í•´ì„œ ë°˜ì˜í•´ ì£¼ì‹­ë‹ˆë‹¤  ì¶”ì²œ í•©ë‹ˆë‹¤"
102,1ë…„ë°˜ ì •ë„ êµì •ì„ ì§„í–‰ì¤‘ì´ì—ìš”. ë§ë‹ˆê°€ êµ‰ìž¥ížˆ ì‹¬í•˜ê³  ì´ë¹¨ì´ ë¬¼ë¦¬ëŠ” ì¹˜ì•„ì˜€ì–´ìš”. ì§€ê¸ˆì€ ë„ˆë¬´ ê°€ì§€ëŸ°í•˜ê²Œ ìž˜ ì§„í–‰ ì¤‘ì´ê³  ë¬´ì—‡ë³´ë‹¤ë„ ì›ìž¥ë‹˜ì´ ì‹¬ë¯¸ì•ˆë„ ì‹ ê²½ ì¨ì£¼ì‹œëŠ” ê²ƒì´ ë³´ì—¬ì„œ ì¢‹ì•˜ì–´ìš”. ìš”êµ¬ì‚¬í•­ì´ë‚˜ ë§¤ì£¼ ì„¸ì‹¬í•˜ê²Œ ì‹ ê²½ì¨ì£¼ì‹œëŠ” ë¶€ë¶„ë“¤ì´ ë§Žì•„ ë„ˆë¬´ ë§Œì¡±í•˜ê³  ìžˆì–´ìš”!
103,ì¢‹ì•„ìš©
104,"ìŠ¤ì¼€ì¼ë§ ë„ˆë¬´ íŽ¸í•˜ê²Œ ìž˜ í•´ì£¼ì…”ì„œ ê°ì‚¬í•©ë‹ˆë‹¤. ìµœëŒ€í•œ í™˜ìžë¥¼ ë°°ë ¤í•´ì£¼ì‹œê³ , ê¶ê¸ˆí•œ ì ì— ëŒ€í•´ì„œ ì¹œì ˆí•˜ê²Œ ì„¤ëª…í•´ì£¼ì…”ì„œ ì¢‹ì•˜ìŠµë‹ˆë‹¤. ë‹¤ìŒì—ë„ ìž˜ ë¶€íƒë“œë¦¬ê² ìŠµë‹ˆë‹¤. ê°ì‚¬í•©ë‹ˆë‹¤."
105,ì¹œì ˆí•˜ê³  ì¢‹ì•„ìš”
106,ì¢‹ì•„ìš”
107,ì˜ˆì•½ì‹œê°„ì— ê°€ë©´ ë”°ë¡œ ê¸°ë‹¤ë¦´ í•„ìš”ì—†ì´ ë°”ë¡œ ì§„í–‰ë˜ê³  ëŒ€í‘œì›ìž¥ë‹˜ì´ êµì •ì „ë¬¸ì˜ì…”ì„œ ì›”ìš”ì¼ ì œì™¸í•˜ê³  ì•„ë¬´ë•Œë‚˜ ì² ì‚¬ë‚˜ ê¸°ê¸°íƒˆë½ ë¬¸ì œë“± ìƒê¸°ë©´ ë‚´ì›í•  ìˆ˜ ìžˆì–´ì„œ ì¢‹ê³  êµì • ì‹œìž‘í•  ë•Œ ì„¸ë¶€ìƒë‹´ì„ ì›ìž¥ë‹˜ì´ ì§„í–‰í•´ì¤˜ì„œ ë³´ë‹¤ ì „ë¬¸ì ìœ¼ë¡œ ë“¤ì„ ìˆ˜ ìžˆìŠµë‹ˆë‹¤:)
108,êµì •ë‹¤ë‹ˆê³ ìžˆëŠ”ë° ì¢‹ì•„ìš”~~^^
109,ê¼¼ê¼¼ížˆ ìž˜ë´ì£¼ê³  ì„ ìƒë‹˜ë“¤ì´ ë‹¤ ë„ˆë¬´ ì¹œì ˆí•˜ì…”ì„œì¢‹ì•„ìš” ê·¸ë¦¬ê³  ì¹˜ê³¼ ë¬´ì„œì›Œí•˜ëŠ”ë° ì•ˆì•„í”„ê²Œí•´ì£¼ì…”ì„œ ì•ˆë¬´ì„­ê³  ì¢‹ì•„ìš” ^______^
110,"13ë…„ ë‹¨ê³¨ìž…ë‹ˆë‹¤.  ìµœë‚™ì²œì„ ìƒë‹˜ ì§„ì§œ ì‹¤ë ¥ ìžˆìœ¼ì„¸ìš”. ì§‘ ê°€ê¹Œìš´ ê³³ ê°€ë‹¤ê°€ë„ ê²°êµ­ì€ ì¢…ë¡œì ìœ¼ë¡œ ì§„ë£Œë°›ìœ¼ëŸ¬  ì¼ë…„ì— í•œë²ˆì´ë¼ë„ ê¼­ ê°€ê²Œ ë˜ë„¤ìš”-  í•­ìƒ 
ê°ì‚¬í•©ë‹ˆë‹¤â—¡Ìˆ "
111,ì¹œì² í•˜ê³  ê¼¼ê¼¼í•˜ê²Œ í•´ì£¼ì…”ì„œ ì¢‹ì•„ìš”^^
112,"ì¼ë…„í•œë²ˆì”©í•˜ëŠ” ìŠ¤ì¼ˆë§í• ë•Œë§ˆë‹¤ í°ë§˜ë¨¹ê³  í•©ë‹ˆë‹¤
ê°œìš´í•˜ë„¤ìš¯"
113,ì•„í”„ì§€ ì•Šê²Œ ìŠ¤ì¼€ì¼ë§ í•´ ì£¼ì…”ì„œ ê°ì‚¬í•©ë‹ˆë‹¤. ì¹˜ê³¼ ê°€ëŠ”ê±´ ì•„ì§ë„ ìš©ê¸°ê°€ í•„ìš”í•œ ì¼ì´ì—ˆëŠ”ë° ì•žìœ¼ë¡œëŠ” ë” ë¶€ì§€ëŸ°ížˆ ë‹¤ë…€ì•¼ê² ë„¤ìš”.
114,ìž˜ ë°›ê³  ê°‘ë‹ˆë‹¤ êµì •ë¶€í„° ìŠ¤ì¼€ì¼ë§ê¹Œì§€ í•­ìƒ ê¼¼ê¼¼ížˆ ìž˜ì²´í¬í•´ì£¼ì„¸ìš”
115,ì›ìž¥ë‹˜ì´ëž‘ ì¹˜ìœ„ìƒì‚¬ ì„ ìƒë‹˜ë“¤ë„ ë‹¤ë“¤ ì¹œì ˆí•˜ì‹­ë‹ˆë‹¤! ì§„ë£Œë„ ê¹”ë”í•´ìš”
116,ì¢‹ì•„ìš”~~!
117,ì¹œì ˆí•˜ê³  ì¢‹ì•„ìš”
118,ì›ìž¥ë‹˜ì´ ì–‘ì‹¬ì ì´ê³  ì¹œì ˆí•˜ì„¸ìš”
119,ë§¤ìš° ì¹œì ˆí•˜ì‹œê³  ë‹¤ë“¤ ë¯¸ì¸ì´ì„¸ìš”ðŸ˜€
120,í•­ìƒ ì²­ê²°í•˜ê³  êµì •ì§„ë£Œ ìž˜ ë°›ê³ ìžˆì–´ìš”!
121,ê¼¼ê¼¼í•˜ê³  ì¹œì ˆí•˜ê²Œ ì§„ë£Œí•´ì£¼ì…”ì„œ ëª‡ ë…„ ì§¸ ìž˜ ë‹¤ë‹ˆê³  ìžˆìŠµë‹ˆë‹¤~!
122,"ì§„ì§œ ì•ˆí”„ê²Œ ìŠ¤ì¼€ì¼ë§ í•´ì£¼ì…”ì„œ ì¢‹ì•˜ì–´ìš”ã…Žã…Ž 
ë„˜ì¹œì ˆí•˜ê³  ì¢‹ì•„ìš© ê°ì‚¬í•©ë‹ˆë‹¤"
123,ì•„ì£¼ì•„ì£¼ ì¡°ì•„ìš©
124,ì¢‹ì•„ìš”
125,ì¹œì ˆí•˜ê³  ê¼¼ê¼¼í•˜ê²Œ ì§„ë£Œë´ì£¼ì„¸ìš”!!ðŸ˜Š
126,í•­ìƒ ì¹œì ˆí•˜ê³  ë¹ ë¥¸ ì¹˜ë£Œí•´ì£¼ì‹œê³  êµì •ê²€ì§„ë„ ë§¤ë²ˆ ë¨¼ì € ì±™ê²¨ì£¼ì…”ì„œ êµì •í•œ ì´í›„ë¡œ ì¹˜ê³¼ëŠ” ì—¬ê¸°ë¡œë§Œ ë‹¤ë…€ìš”ã…Žã…Ž
127,"2013ë…„ë¶€í„° êµì • ì‹œìž‘í•´ì„œ í•­ìƒ ê²€ì§„ë„ ì´ë¦¬ë¡œ ì˜µë‹ˆë‹¤ ì›ìž¥ë‹˜ê»˜ì„œ ê³¼ìž‰ì§„ë£Œì—†ì´ ìž˜í•´ì£¼ì‹œê³ 
ì¼ë‹¨ ì£¼ì°¨ê°€ íŽ¸í•´ì„œ ì¢‹ì•„ìš”!"
128,ëª‡ ë…„ì§¸ ë‹¤ë‹ˆê³  ìžˆì–´ìš”. êµì •ë¶€í„° ìŠ¤ì¼€ì¼ë§ê¹Œì§€ ë§Œì¡±í•´ì„œ êµì • ëë‚˜ë„ ì •ê¸°ì ìœ¼ë¡œ ë°©ë¬¸í•˜ê³  ìžˆìŠµë‹ˆë‹¤:)
129,ëŠ˜ ê¼¼ê¼¼í•˜ê³  ì¹œì ˆí•˜ì„¸ìš”~
130,ë„ˆë¬´ ì¹œì ˆí•˜ì‹œê³  ê¼¼ê¼¼í•˜ê²Œ ìž˜ í•´ì£¼ì…”ìš”!! 
131,"ì§„ì§œ ì˜¤ëžœë§Œì— ë°©ë¬¸í•´ì„œ ìŠ¤ì¼€ì¼ë§ë°›ê³  ê²€ì§„ë°›ì•˜ëŠ”ë°, ê°€ê¸°ì „ì—” ê±±ì •ì´ í•œê°€ë“ì´ì˜€ì§€ë§Œ, ì¹œì ˆí•˜ê³  ë˜ ì•ˆì•„í”„ê²Œ ìŠ¤ì¼€ì¼ë§í•´ì£¼ì‹œê³  í•˜ë‚˜í•˜ë‚˜ ì„¤ëª… ìž˜í•´ì£¼ì…”ì„œ ë§ˆìŒì´ íŽ¸í–ˆìŠµë‹ˆë‹¤.^^"
132,ì›ìž¥ë‹˜ì´ëž‘ ì¹˜ìœ„ìƒì‚¬ë‹˜ ë‹¤ë“¤ ì¹œì ˆí•˜ì‹œê³  ê¼¼ê¼¼í•˜ì„¸ìš”
133,ì¹œì ˆí•˜ê³  ê¼¼ê¼¼í•˜ê²Œ ê´€ë¦¬í•´ì£¼ì„¸ìš”
134,ì •ê¸°ì ìœ¼ë¡œ ë‹¤ë‹ˆê³ ìžˆì–´ìš”~
135,10ë…„ë„ ì „ì— êµì •í•˜ê³  ë‚˜ì„œ ê¾¸ì¤€ížˆ ë‹¤ë‹ˆëŠ” ì¤‘ìž…ë‹ˆë‹¤. ì›ìž¥ë‹˜ê³¼ ì¹˜ìœ„ìƒì‚¬ì„ ìƒë‹˜ë“¤ ì¹œì ˆí•˜ì‹œê³  ê¼¼ê¼¼í•˜ì„¸ìš”!
136,ì´ì œ ê±°ì˜ ëë‚˜ê°€ë„¤ìš”~ ë§¤ë²ˆ ì¹œì ˆí•˜ê³  ê¼¼ê¼¼í•˜ê²Œ ì§„ë£Œí•´ì£¼ì…”ì„œ ê°ì‚¬í•˜ê³  ì¹œì ˆí•˜ì‹  ì¹˜ìœ„ìƒì‚¬ë‹˜ê»˜ë„ ê°ì‚¬í•´ìš”
137,ì ì‹¬ì‹œê°„ ì˜ˆì•½ì´ ì•ˆë˜ì„œ ì˜¤ì „ì— ìŠ¤ì¼€ì¼ë§ ì§„í–‰í–ˆëŠ”ë° ì•ˆì•„í”„ê³  ê¼¼ê¼¼í•˜ê²Œ ì§„í–‰í•´ì£¼ì…”ì„œ ì¢‹ì•˜ì–´ìš”~
138,ì‹ ê²½ì¹˜ë£Œ í•´ì£¼ì‹œëŠ” ì„ ìƒë‹˜ ë¬¼ì–´ë³´ëŠ” ë§ì— ì¹œì ˆížˆë‹µí•´ì£¼ì…”ì„œ ì¢‹ì•˜ìŠµë‹ˆë‹¤.
139,ì¹œì ˆí•˜ì‹œê³ ì‹¤ë ¥ë„ìš°ìˆ˜í•˜ê³ ëŠ˜ë§Œì¡±í•©ë‹ˆë‹¤
140,êµ¿
141,"ìŠ¤ì¼ˆë§ì¹˜ë£Œë°›ì•˜ëŠ”ë°, ê¹”ë”í•˜ê²Œ ì¹˜ë£Œ ìž˜í•´ë‘ì…¨ìŠµë‹ˆë‹¤"
142,ìž˜í•´ì£¼ì‹­ë‹ˆë‹¤. ì¢‹ì•„ìš”.
143,í•­ìƒ ì¹œì ˆí•˜ê³  ê¼¼ê¼¼í•œ ì§„ë£Œ ê°ì‚¬í•´ìš”^^
144,"ê°„í˜¸ì‚¬ë¶„ë“¤ íž˜ë“œì‹ ê±´ ì´í•´í•˜ê² ëŠ”ë°ìš”,
ì˜ˆì „ê³¼ ë‹¤ë¥´ê²Œ ë¬´í‘œì •ë“¤ ì´ì‹œë„¤ìš”.
ì¡°ê¸ˆë§Œ ì›ƒëŠ” ì–¼êµ´ì´ì‹œë©´ ì¢‹ê² ì–´ìš”."
145,ì§ì›ë¶„ë“¤ì´ ì¹œì ˆí•˜ê³  ì§„ë£Œë„ ì¢‹ì•˜ì–´ìš”
146,ì˜¤ëŠ˜ 5ë…„ë§Œì— ì¹˜ê³¼ë°©ë¬¸ì„í–ˆëŠ”ë° ë„ˆë¬´ ì¹œì ˆí•˜ê²Œ ìŠ¤ì¼€ì¼ë§í•´ì£¼ì‹œê³  ìƒë‹´ë„ ë„ˆë¬´ ìž˜í•´ì£¼ì…”ì„œ ë‹¤ìŒì— ë˜ ë°©ë¬¸í•˜ë ¤ê³  ì˜ˆì•½ë„ ìž¡ì•˜ìŠµë‹ˆë‹¤ã… ã…  ì •ë§ ê°ì‚¬ë“œë ¤ìš”
147,ì¹œì ˆí•˜ì‹œê³  ê¼¼ê¼¼í•˜ê²Œ ë´ì£¼ì…”ì„œ ì¢‹ì•„ìš”
148,êµì •ì§„ë£Œ ìž˜ ë°›ê³ ìžˆì–´ìš”! ìš”êµ¬ì‚¬í•­ë„ ìž˜ ë§žì¶°ì£¼ì‹­ë‹ˆë‹¤
149,ã…¡ìŒ
150,"í•­ìƒ ë°˜ë¬¸í•  ë•Œ ë§ˆë‹¤ ì¹œì ˆí•˜ê²Œ ëŒ€í•´ì£¼ì…”ì„œ
ë§ˆìŒíŽ¸ížˆ ë°©ë¬¸í•´ìš” ã…Žã…Ž!"
151,ê¼¼ê¼¼í•˜ê³  ì¹œì ˆí•œ  ìŠ¤ì¼€ì¼ë§ ê°ì‚¬í•©ë‹ˆë‹¤.
152,"15ë…„ì´ ë„˜ì€ë“¯í•´ìš”..ëŒ€ë¥¼ ì´ì–´ ì˜¤ëŠ”ê³³!ã…‹ã…‹ ëŠ˜ ì¹œì ˆí•˜ì‹  ë°ìŠ¤í¬, ê°„í˜¸ ì„ ìƒë‹˜ë“¤~  í•­ìƒ ë³´ì² , êµì •, ì¸í”Œë¼íŠ¸.. ëª¨ë“ ì¢…ëª© ë‹¤ í•´ë´ë„ ë§Œì¡±ìŠ¤ëŸ° ë‹´ë‹¹ ì›ìž¥ë‹˜
ë“¤~~~ ê¼­!! ë‹¤ë¥¸ê³³ì—ì„œ ì¹˜ë£Œë¥¼ ë°›ì•„ë³´ì„¸ìš”. ê·¸ëž˜ì•¼ ê²°êµ­ ì—¬ê¸°ë°–ì— ì—†ìŒì„ ì•„ì‹¤ ìˆ˜ ìžˆì„ê±°ì˜ˆìš”. ê³ í†µê³¼ ê°’ë¹„ì‹¼ ë¹„ìš©ì„ ì¹˜ë¥´ê³ ì„œë¼ë„..ì €ì²˜ëŸ¼ ã…œã…œ ë°”ë¹ ì„œ
ì§€ì—­ ì¹˜ê³¼ë¥¼ ì „ì „í•´ë´ë„ ê²°êµ­ì€ í„´~~~ ë”ì´ìƒ ê³ ë¯¼ì—†ì´ ê±´ê°•ì´ ìš°ì„ ì´ë‹ˆ ì‹œê°„ì„ ë§Œë“¤ì–´ì„œë¼ë„ ê¼­ ì¹˜ë£Œì™„ë¡œí•˜ê² ìŠµë‹ˆë‹¤^^ í•­ì‚¼ ê°ì‚¬í•©ë‹ˆë‹¤. ëŠ˜ ê±´..."
153,ì¢‹ì•„ìš” ê¾¸ì¤€ížˆ ìž˜ë°›ì„ê²Œìš”
154,"ìŠ¤ì¼€ì¼ë§ í›„ì— ë¬´ì²™ ì‹œì›í•œ ëŠë‚Œì´ ë“¤ì–´ì„œ ì¢‹ì•˜ì–´ìš”.
ì„¸ì‹¬í•˜ê²Œ ì‹ ê²½ì¨ì£¼ì…”ì„œ ê°ì‚¬í•©ë‹ˆë‹¤. "
155,ìŠ¤ì¼€ì¼ë§ ê¼¼ê¼¼í•˜ê²Œ ìž˜í•´ì£¼ì…”ì„œ ê°ì‚¬í•©ë‹ˆë‹¤~
156,ì¢‹ì•„ìš”.
157,ì¢…ë¡œë¯¸ì†Œì¹˜ê³¼ ì§ì›ë¶„ë“¤ì§±ì¹œì ˆí•¨ðŸ˜·ðŸ˜·ðŸ˜·ðŸ˜·ðŸ˜·
158,ìž„í”Œëž€íŠ¸ ì¹˜ë£Œì¤‘ìž…ë‹ˆë‹¤ í•­ìƒ ì¹œì ˆížˆ ì„¤ëª…í•´ì¤˜ì„œ ì¢‹ì•„ìš”
159,ì˜ˆì•½í•œ ì‹œê°„ì— ë”± í•˜ê³  ìŠ¤ì¼€ì¼ë§ ì •ë§ íŽ¸í•˜ê²Œ ìž˜í•˜ê³  ê°‘ë‹ˆë‹¤.
160,ë§¤ì¼ ê¼¼ê¼¼í•˜ê²Œ ë´ì£¼ì…”ì„œ ê°ì‚¬í•´ìš”â¤ï¸
161,"ë„ˆë¬´ ì¹œì ˆí•˜ì‹œê³  íž˜ë“¤ì§€ ì•Šê²Œ ì§„ë£Œ ìž˜ ë°›ì•˜ìŠµë‹ˆë‹¤..
ê³ ë§™ìŠµë‹ˆë‹¤ "
162,ì¹œì ˆí•˜ê³  ê¼¼ê¼¼í•˜ê²Œ ì§„ë£Œë´ì£¼ì‹­ë‹ˆë‹¹!
163,"ì´ì œ ì¼ê³±ë‹¬ ì •ë„ ë‚¨ì•˜ë„¤ìš”~
ì ì ˆí•˜ê²Œ ê¼¼ê¼¼ížˆ ì§„í–‰ë˜ì–´ì„œ ë§Œì¡±í•©ë‹ˆë‹¤~
ëª¨ë‘ ì¹œì ˆí•˜ì‹œêµ¬ìš”~"
164,ê°„í˜¸ì‚¬ë‹˜ë“¤ì´ ë‹¤ ì¹œì ˆí•˜ì…”ì„œ ì´ë²ˆì— ì–´ë¨¸ë‹ˆë„ ëª¨ì‹œê³  ë‹¤ë…€ì™”ì–´ìš”. ìœ„ìƒì‚¬ë‹˜ì´ ê¼¼ê¼¼í•˜ê²Œ ìž˜ ì„¤ëª…í•´ì£¼ì‹œê³  ë‚˜ì´ë“œì‹  ë¶„ë„ ìž˜ ì•Œì•„ë“¤ì„ ìˆ˜ ìžˆê²Œ ì°¨ë¶„í•˜ê³  ì¹œì ˆí•˜ê²Œ ê²€ì§„í•´ì£¼ì…”ì„œ ê°ì‚¬í–ˆìŠµë‹ˆë‹¤~ 
165,ì¹œì ˆí•˜ì‹œê³  ì‹¤ë ¥ ì¢‹ìœ¼ì„¸ìš”
166,í•­ìƒ ë„ˆë¬´ ì¢‹ì•„ìš”~~
167,ë¯¸ì†Œì¹˜ê³¼ì§ì›ë¶„ë“¤ì •ë§ì¹˜ì ˆí•˜ê³ ì •ë§ðŸ‘ì¢‹ì€ ðŸ˜·ðŸ˜·ðŸ˜·
168,ì•„ì£¼ì¤—ìŠµë‹ˆë‹¤ í•˜í•˜
169,êµì •ì¹˜ë£Œì¤‘ì´ì˜ˆìš” ì¢‹ì•„ìš”
170,ì—¬ê¸° ì¹˜ê³¼ ë•ë¶„ì— ë§¤ë…„ ìŠ¤ì¼€ì¼ë§ ìž˜ ë°›ê³  ìžˆì–´ìš”. ë‹¤ë¥¸ ë¶„ê»˜ë„ ì¶”ì²œ! í•©ë‹ˆë‹¤~
171,"ì˜¤ëžœê¸°ê°„ ë‹¤ë…”ë˜ ì¹˜ê³¼ìž…ë‹ˆë‹¤.
ê³¼ìž‰ì§„ë£Œ ì—†ìœ¼ì‹œê³ ,ì¹˜ë£Œ ìž˜ í•´ì£¼ì„¸ìš”."
172,ì •ë§ðŸ‘ì¢‹ì€ ðŸ˜·ðŸ˜·ðŸ˜·ðŸ˜·ðŸ˜·ðŸ˜·
173,í•­ìƒ ì¹œì ˆí•˜ì‹œê³  ì„¸ì‹¬í•˜ê³  ê¼¼ê¼¼í•˜ê²Œ ìž˜ë´ì£¼ì‹­ë‹ˆë‹¤ ì•žë‹ˆêµì •í–ˆëŠ”ë° íƒ€ ë³‘ì›ë³´ë‹¤ í›¨ì”¬ì €ë ´í•˜ê²Œ ìž˜í–ˆì–´ìš”! ì´ë ‡ê²Œë‚˜ ì„¸ë¶€ì ìœ¼ë¡œ í•´ì£¼ì‹œë‹¤ë‹ˆ í• ì •ë„ë¡œ ìž˜í•´ì£¼ì…”ì„œ êµ‰ìž¥ížˆ ë§Œì¡±í•©ë‹ˆë‹¤! ë°ìŠ¤í¬ ë¶„ë„ ë„ˆë¬´ ì¹œì ˆí•˜ì„¸ìš”!
174,ì¢‹ì•„ìš” !!!ðŸ‘
175,"ìŠ¤ì¼€ì¼ë§ë§Œ í–ˆëŠ”ë° ì¹«ì†”ì´ëž‘ ì¹˜ì‹¤ì„ ì£¼ì…¨ì–´ìš”. 
ê°ì‚¬í•©ë‹ˆë‹¤~! ì´ê³³ ì¶”ì²œí•´ìš”~!"
176,"ìŠ¤ì¼€ì¼ë§ í•˜ê³  ì¹˜ì•„ì— ì˜ì–‘í¬ë¦¼ë„ ë°œë¼ ì£¼ì‹œê³  ì¹˜ì‹¤ì´ëž‘ ì¹«ì†”ë„ ì£¼ì‹œê³  êµ¬ê°•ìš©í’ˆê¹Œì§€ ì£¼ì‹œë„¤ìš”!
ì¹œì ˆí•˜ì‹œê³  ì„œë¹„ìŠ¤ê°€ ì¢‹ì•„ìš”"
177,ì¹˜ê³¼ëŠ” ì—¬ê¸°ë¡œë§Œ ë‹¤ë…€ìš” ìŠ¤í… ì˜ë£Œì§„ ëª¨ë‘ ì¹œì ˆí•©ë‹ˆë‹¤
178,êµì •ì¹˜ë£Œì¤‘ì´ì˜ˆìš”~ ë„ˆë¬´ ì¹œì ˆí•˜ì„¸ìš”.
179,ì¹œì ˆí•˜ê²Œ ì„¤ëª…ì„  ìž˜í•´ì£¼ì…¨ìŠµë‹ˆë‹¤.
180,êµì •ì§„ë£Œë°›ê³ ìžˆëŠ”ë° ê¼¼ê¼¼í•˜ê³  ì¢‹ì•„ìš”
181,ìµœê³ ìž…ë‹ˆë‹¤
182,êµì •ì§„ë£Œë¡œ ê¾¸ì¤€ížˆ ì˜¤ëŠ”ë° í•­ìƒì¹œì ˆí•˜ì„¸ìš”!
183,"ê±°ì˜ ë‹¤ ë§ˆë¬´ë¦¬ ë˜ì–´ê°€ë„¤ìš”~ ì´ë„ ì™ ë“¤ì–´ê°€ê³  ì˜¹ë‹ˆê°€ ì•ˆë˜ë„ë¡ ë¬´ì§€ ì• ì¨ì£¼ì…¨ì–´ìš”~  ë‚¨ì€ 8ê°œì›” ì •ë„ëŠ” ì´ë¥¼ ì˜ˆì˜ê²Œ ë‹¤ë“¬ëŠ” ì‹œê°„ì´ì—ìš”
ê¸°ëŒ€ë˜ë„¤ìš” ë§ˆë¬´ë¦¬ë˜ë©´ ì‚¬ì§„ì¸ì¦í• ê²Œìš”"
184,ì¢‹ì•„ìš”
185,ì¹œì ˆí•œ ì§„ë£Œ ìž˜ ë°›ì•˜ìŠµë‹ˆë‹¤!
186,"ìŠ¤ì¼€ì¼ë§ì„ ì•„ì£¼ì•„ì£¼ ê¼¼ê¼¼í•˜ê²Œìž˜í•´ì£¼ì…¨ì–´ìš”
ì¹˜ì•„ì˜ì•™ì œê¹Œì§€ ê¼¼ê¼¼í•˜ê²Œí•´ì£¼ì‹œë„¤ìš”"
187,ëŠ˜ ì¹œì ˆí•œ ì§„ë£Œ ê°ì‚¬ë“œë¦½ë‹ˆë‹¤.
188,ì„¸ì‹¬í•˜ê²Œ ìž˜ ë´ì£¼ì…¨ìŠµë‹ˆë‹¤!
189,ì¹œì ˆí•˜ì„¸ìš©
190,êµì •ì¹˜ë£Œì¤‘ì´ì˜ˆìš” ë„ˆë¬´ ì¢‹ì•„ìš”
191,"ì•„ì´ êµì •ìƒë‹´ ì§„í–‰í•˜ì˜€ëŠ”ë°, ì¹œì ˆí•˜ê³  ìžì„¸í•œ ì„¤ëª… ê°ì‚¬í•©ë‹ˆë‹¤."
192,ì •ê¸°ê²€ì§„ìœ¼ë¡œë‚´ì›í–ˆëŠ”ë° ë„ˆë¬´íŠ¹ë³„í•œê´€ë¦¬ë°›ì€ê²ƒê°™ì•„ê¸°ë¶„ì´ì¢‹ì•„ìš”! ì¹˜ìœ„ìƒì‚¬ë‹˜ë„ˆë¬´ë„ˆë¬´ì•ˆì•„í”„ê²Œìž˜í•´ì£¼ì…”ì„œì¡¸ë»”í–ˆì–´ìš”~~!!! ë‹¤ìŒë²ˆ ê²€ì§„ë•Œ ëµˆìš”~!!!
193,êµì •ì¢…ë£Œí›„ ìœ ì§€ìž¥ì¹˜ê°€ ëŠì–´ì ¸ì„œ ê²¸ì‚¬ê²¸ì‚¬ ìŠ¤ì¼€ì¼ë§ê¹Œì§€ ê°™ì´ ì˜ˆì•½í•˜ì—¬ ë°©ë¬¸í–ˆìŠµë‹ˆë‹¤ ê¼¼ê¼¼í•˜ê²Œ ìž˜í•´ì£¼ì‹œê³  ì„¤ëª…ë„ ì•Œê¸° ì‰½ê³   ì¹œì ˆí•˜ê²Œ í•´ì£¼ì…”ì„œ ê°ì‚¬í•©ë‹ˆë‹¤. ì •ë§ ì˜¤ëžœë§Œì— ë°©ë¬¸í–ˆëŠ”ë° ì˜ˆì•½ì‹œê°„ ë§žì¶° ëŒ€ê¸°ì—†ì´ ì§„í–‰ëœ ë¶€ë¶„ë„ ì¢‹ì•˜ìŠµë‹ˆë‹¤
194,ì¹œì ˆí•˜ê²Œ ìž˜í•´ì£¼ì…”ì„œ ì¢‹ì•„ìš”~^^ ì ê·¹ ì¶”ì²œí•´ìš”~
195,ì˜¬ë•Œë§ˆë‹¤ ì¹œì ˆí•˜ê²Œ ì‘ëŒ€í•´ì£¼ì‹œê³  ìŠ¤ì¼€ì¼ë§ë„ ê¼¼ê¼¼í•˜ê²Œ í•´ì£¼ì…”ìš”. ì ê·¹ì¶”ì²œ! ê³ ë§™ìŠµë‹ˆë‹¤~!
196,ê¼¼ê¼¼í•˜ê²Œ ìž˜ í•´ì£¼ì…”ì„œ ë„ˆë¬´ ê°ì‚¬í•©ë‹ˆë‹¤ ^^ ìžì£¼ ì˜¬ê²Œìš” ! 
197,"ì´ì œ êµì •ë„ 70% ì •ë„ ë§ˆë¬´ë¦¬ ë˜ì–´ê°€ë„¤ìš”~
ì¡°ê¸ˆì´ë¼ë„ ë¶ˆíŽ¸í• ê¹Œë´ ì¡°ì‹¬ìŠ¤ëŸ½ê²Œ ì •í™•í•˜ê²Œ ì¹œì ˆí•˜ê²Œ í•´ì£¼ì‹œëŠ” ì¹˜ìœ„ìƒì‚¬ ì„ ìƒë‹˜ë“¤ ê°ì‚¬í•˜ê³  ì›ìž¥ë‹˜ë„ ëŠ˜ ê°ì‚¬í•©ë‹ˆë‹¤"
198,ì‹ ëž‘ì´ ë„ˆë¬´ ì¹œì ˆí•˜ê³  ìƒì„¸ížˆ ì„¤ëª…í•´ ì£¼ì‹ ë‹¤ê³  í•´ì„œ ë°¤ì— ê¸‰ì˜ˆì•½í•˜ê³  ë‹´ë‚  ì˜¤í”ˆí•˜ìžë§ˆìž ë°©ë¬¸í•˜ì˜€ëŠ”ë° ì—­ì‹œ ë“£ë˜ëŒ€ë¡œ ë„ˆë¬´ ì¹œì ˆí•˜ì‹œê³  ì €ë ´í•œ ë¹„ìš©ìœ¼ë¡œ ìŠ¤ì¼€ì¼ë§ì— ì¹˜ì•„ê²€ì§„ ë° ê´€ë¦¬ ìƒë‹´ê¹Œì§€ í•´ì£¼ì…”ì„œ ë„ˆë¬´ ê°ì‚¬í–ˆìŠµë‹ˆë‹¤. ìµœê³ !! ì£¼ê¸°ì ìœ¼ë¡œ ë°©ë¬¸í•˜ì—¬ ì¹˜ì•„ ê±´ê°•í•˜ê²Œ ê´€ë¦¬í•  ì˜ˆì •ìž…ë‹ˆë‹¤. íšŒì‚¬ ê·¼ì²˜ì— ì´ëŸ° ê³³ì´ ìžˆë‹¤ë‹ˆ ë„ˆë¬´ ì¢‹ë„¤ìš”^^
199,ë‹¤ë“¤ ì¹œì ˆí•˜ì‹¬
200,ì˜¤ëŠ˜ ì¤‘ê°„ìƒë‹´ì„ ì›ìž¥ë‹˜ê»˜ì„œ ë„ˆë¬´ì¹œì ˆì´ ì°¨ê·¼ì°¨ê·¼ ì„¤ëª…ë„ ìž˜í•´ì£¼ì‹œê³  êµì •ê¸°ë¥¼ ìƒê°ë³´ë‹¤ ì§„í–‰ì´ ì¢‹ì•„ ë¹¨ë¦¬ ëº„ìˆ˜ë„ ìžˆë‹¤ëŠ” ì›ìž¥ë‹˜ì— ë§ì”€ì— ì•¼í˜¸ðŸ‘ðŸ‘ ì‹ ë‚œë‹¤
201,ì˜¤ëŠ˜ë„ ì¹œì ˆí•œ ì§„ë£Œ ê°ì‚¬í•©ë‹ˆë‹¤~
202,ìœ„ìƒì‚¬ì„ ìƒë‹˜ì´ ë„ˆë¬´ ê¼¼ê¼¼í•˜ê²Œ ìž˜ ë´ì£¼ì‹œê³  ì¤‘ê°„ì¤‘ê°„ ì„¤ëª…ë„ ìž˜í•´ì£¼ì‹œê³ ã…Žã…Ž ì¹˜ì‹¤ê¹Œì§€ ìŠ¤ì¼€ì¼ë§ ê°œìš´í•˜ê²Œ ìž˜ ë°›ì•˜ì–´ìš”!! ê°ì‚¬í•©ë‹ˆë‹¤!! 
203,ì¹œì ˆí•´ìš”
204,ì•„ì£¼ ì¹œì ˆí•˜ê³  ê¼¼ê¼¼í•˜ê²Œ ìž˜ ë´ì£¼ì…”ì„œ ê°ì‚¬í•©ë‹ˆë‹¤:) ë¯¸ë¤„ì™”ë˜ ìŠ¤ì¼€ì¼ë§ ë°›ìœ¼ì‹œë ¤ë©´ ê°•ì¶”ìž…ë‹ˆë‹¤!!!!
205,ë„ˆë¬´ ì¹œì ˆí•˜ì‹  ì§ì›ë¶„ë“¤ì„ ë¹„ë¡¯í•˜ì—¬ ìœ„ìƒì‚¬ë‹˜ ë„ˆë¬´ ì¢‹ìœ¼ì‹­ë‹ˆë‹¤
206,ì¹œì ˆí•˜ê³  ì¢‹ì•˜ì–´ìš”~ ìž¬ ë°©ë¬¸ ì˜ì‚¬ ë°±í¼ìž…ë‹ˆë‹¤. 
207,ì¹œì ˆí•˜ê³  ì‹¤ë ¥ë„ ë„ˆë¬´ ì¢‹ìœ¼ì„¸ìš”! ë‹¤ìŒì— ë˜ ì˜¤ê² ìŠµë‹ˆë‹¤!
208,êµ¿!!
209,í™˜ìž ì˜ê²¬ ìµœëŒ€í•œ ë°˜ì˜í•´ì£¼ì…”ì„œ ì¢‹ì•„ìš”. êµì •ì§„ë£Œ ì§±
210,ì¹œì ˆí•´ìš”. ^^
211,ì¹œì ˆí•˜ì„¸ìš”
212,"ì˜ì‚¬ì„ ìƒë‹˜ ê°„í˜¸ì‚¬ë¶„ë“¤ ì¹œì ˆí•˜ì‹œê³ ,
ì¹˜ë£Œ ê¼¼ê¼¼ížˆ ìž˜ í•´ì£¼ì„¸ìš”."
213,ì¹œì ˆí•˜ì‹œê³  ì¹˜ë£Œë¥¼ ìž˜ í•´ì£¼ì…”ì„œ í•­ìƒ ì˜¤ê³  ìžˆìŠµë‹ˆë‹¤.
214,êµì •ì¹˜ë£Œì¤‘ ì¢‹ì•„ìš”~
215,ì§ì›ë¶„ë“¤ ë„ˆë¬´ ì¹œì ˆí•˜ì‹œê³  í•­ìƒ ê¸°ë¶„ì´ ì¢‹ìŠµë‹ˆë‹¤^^
216,"ë§¤ë…„ êµì • ê²€ì§„ê³¼ ìŠ¤ì¼€ì¼ë§ ìž˜ë°›êµ¬ìžˆìŠµë‹ˆë‹¤ 
ê°ì‚¬í•©ë‹ˆë‹¤!! ë„˜ì¹œì ˆí•˜ê³  ì¢‹ì•„ìš”!"
217,ìŠ¤ì¼ˆë§ ê¼¼ê¼¼ížˆìž˜í•¨~~~!!!
218,í”„ëžœì°¨ì´ì¦ˆ ë³‘ì›ì´ë¼ ê±±ì •í–ˆëŠ”ë° ë¬´ë‚œí•˜ê²Œ ì¢‹ì•„ìš”. ì˜¤ížˆë ¤ í”„ëžœì°¨ì´ì¦ˆë¼ ì‹œìŠ¤í…œì´ ìž˜ë˜ì–´ ìžˆëŠ” ê²ƒë„ ìžˆê³ ìš”. ì´ëŸ°ì €ëŸ° ì´ë²¤íŠ¸ë„ í•„ìš”í•  ë•Œ ìžˆìœ¼ë©´ ì´ìš©í•˜ê¸° ì¢‹ë”ë¼ê³ ìš”. ì „ë°˜ì ìœ¼ë¡œ ë‹¤ ì¹œì ˆí•˜ì‹œì§€ë§Œ íŠ¹ížˆ ê°„í˜¸ì‚¬ë¶„ë“¤ì´ ë„ˆë¬´ ì¹œì ˆí•˜ê³  ì¢‹ì•„ìš”.
219,8ë…„ì§¸ ì´ìš©í•˜ê³  ìžˆëŠ” ì¹˜ê³¼ìž…ë‹ˆë‹¤. êµì • ì„ ìƒë‹˜ ì¹œì ˆí•˜ì‹œê³  ì¶©ì¹˜ ë´ì£¼ì‹œëŠ” ì„ ìƒë‹˜ì€ ë¤ë¤í•˜ì§€ë§Œ ê¼¼ê¼¼í•˜ê²Œ ìž˜ ë´ì£¼ì‹­ë‹ˆë‹¤!!!!
220,"í•­ìƒ ë‹¤ë‹ˆëŠ” ì¹˜ê³¼ì—ìš”! 
ì˜¤ëžœë§Œì— ìŠ¤ì¼€ì¼ë§í–ˆëŠ”ë”” ê¼¼ê¼¼í•˜ê²Œ ìž˜í•´ì¥¬ì…¨ì–´ìš”~ ê°ì‚¬í•©ë‹ˆë‹¤~"
221,ë‹¤ë“¤ ì¹œì ˆí•˜ì‹œê³  ê³¼ìž‰ì§„ë£Œì—†ì–´ì„œ ì¢‹ì•„ìš”
222,êµì •ì¹˜ë£Œ ë°›ê³ ìžˆëŠ”ë° ë§¤ë²ˆ ì›”ì¹˜ë£Œê¼¼ê¼¼ížˆ ë´ì£¼ì…”ì„œ ì¢‹ì•„ìš”!! ë‹¤ë“¤ ì¹œì ˆí•´ìš”!
223,"2015ë…„? 2016ë…„ë„ì¸ê°€? ë¯¸ë°±ì¹˜ë£Œí•˜ëŸ¬ê°”ë‹¤ê°€  êµì •ì„ê¶Œìœ ë°›ê³   ë°”ë¡œ ì¹˜ë£Œì‹œìž‘~ íŽ¸ì•ˆížˆ í•´ë§‘ê²Œ  ì†ì„ ê°€ë¦¬ì§€ì•Šê³   ì›ƒê²Œë˜ì—ˆêµ¬ìš”~ ìŠ¤ì¼€ë§ì´  ë¬´ì„œì›Œ  ë²Œ
ë²Œë–¨ë˜  ì €ëŠ”  ì–´ê¹¨  íž˜ì•™ì£¼êµ¬  ìŠ¤ì¼ˆë§ìž˜í•˜ëŠ”ë‡¨ìžë¡œ  ê±°ë“­ë‚¬ì–´ìš” ëŠ˜  ì¹œì ˆížˆëŒ€í•´ì£¼ì–´ì„œ  ëŠ˜  ê°ì‚¬í•©ë‹ˆë‹¤ ì§€ê¸ˆì€  í¬ë¼ìš´ì¤€ë¹„ì¦ìž…ë‹ˆë‹¤ ^^"
224,"ì¹œì ˆí•˜ê³  ê³¼ìž‰ì§„ë£Œ ì•ˆí•˜ì…”ì„œ ë„ˆë¬´ ì¢‹ì•˜ì–´ìš”!  ê¹€ì†¡í˜„ ì¹˜ê³¼ìœ„ìƒì‚¬ë‹˜ ì •ë§ ì¹œì ˆí•˜ì…¨ì–´ìš”~~ ë¸”ë¡œê·¸ í›„ê¸°ì— ìžì„¸ížˆ ë‚¨ê²¼ìœ¼ë‹ˆ ê¶ê¸ˆí•˜ì‹  ë¶„ì€ ë³´ì„¸ìš”!  https:
//m.blog.naver.com/fireclock0316/222437706755"
225,í•­ìƒ ì¹œì ˆí•˜ì‹œê³  ê¼¼ê¼¼í•˜ê²Œ ì§„ë£Œí•´ì£¼ì‹­ë‹ˆë‹¤
226,ë„˜ì¹œì ˆí•˜ê³  ê´€ë¦¬ìž˜í•´ì£¼ì„¸ìš”^^
227,"ì¹˜ë£Œë¥¼ ë°›ì€ ê²ƒë„ ì•„ë‹Œë°, ìƒë‹´ë¹„ 3ë§Œì›ì€ ë„ˆë¬´ í•œ ê²ƒ ê°™ìŠµë‹ˆë‹¤. "
228,ì¹œì ˆí•˜ê³  ìž˜í–ì£¼ì‹­ë‹ˆë‹¤. ì¢‹ì•„ìš”
229,ì„œë¹„ìŠ¤ ì¢‹ì•„ìš”
230,"ì–‘ì§ˆì˜ ì¹˜ë£Œ ë°›ê³  ìžˆìŠµë‹ˆë‹¤,"
231,ì¹œì ˆí•˜ì„¸ìš” :)
232,ì¹œì ˆí•´ìš”
233,ìŠ¤ì¼€ì¼ë§í•˜ëŸ¬ ê°”ëŠ”ë° ê¹¨ë—í•˜ê²Œ ì•„ì£¼ ìž˜í•´ì£¼ì‹œê³  ê²€ì§„ë„ ê¼¼ê¼¼í•˜ê²Œ í•´ì£¼ì‹œê³  ì„¤ëª…ë„ ìž˜í•´ì£¼ì„¸ìš” ã… ã… ã… ã… ã…  ê·¸ë¦¬ê³  ë„ˆë¬´ ì¹œì ˆí•˜ì‹œë„¤ìš” ã… ã… ã… ã… ã…  ë‹¤ìŒì— ë˜ ê°ˆê²Œìš”!!
234,ì¹˜ê³¼ ì§„ë£Œ í›„ ëª¨ë°€ í›„ë£¨ë£©
235,êµì •ì¹˜ë ¤ ê¼¼ê¼¼í•˜ì„¸ìš”!!
236,ë‹¤ë“¤ ì¹œì ˆí•˜ì„¸ìš”.
237,"ì›ìž¥ë‹˜ ê¼¼ê¼¼í•˜ì‹œê³  ê¶ê¸ˆí•œê±° ì§ˆë¬¸í•œ ê±° í•˜ë‚˜ë„ ë¹ ì§ì—†ì´ ì„¤ëª…í•˜ê³  ìƒì˜í•´ì„œ ì§„í–‰í•˜ì„¸ìš”
ê³¼ìž‰ ì—†ê³  ì‹¬í”Œ ì •í™• ê·¸ ìžì²´"
238,"ë°ìŠ¤í¬ ì§ì›ë¶„ í•œê²°ê°™ì´ ë¶ˆì¹œì ˆí•´ìš”. ê³¼í•œ ì¹œì ˆì„ ë°”ë¼ëŠ” ê²Œ ì•„ë‹™ë‹ˆë‹¤. ì´ì•¼ê¸°í•˜ëŠ”ë° ëˆˆë„ ì•ˆ ë§ˆì£¼ì¹˜ê³ .. ë§íˆ¬ë„ ê·¸ë ‡ê³  ê¶ê¸ˆí•œ ê²Œ ìžˆì–´ë„ ë¬»ì§€ë¥¼ ëª»í•˜
ê² ì–´ìš”. ì´ë²ˆë§Œ ë¶ˆì¹œì ˆí–ˆë‹¤ë©´ í›„ê¸° ë‚¨ê¸°ì§€ë„ ì•Šì•˜ì„ ê±°ì˜ˆìš”. ì›ìž¥ë‹˜, ì¹˜ìœ„ìƒì‚¬ ì„ ìƒë‹˜ ë‹¤ ë„ˆë¬´ ì¢‹ìœ¼ì‹ ë° ë°ìŠ¤í¬ì— ìžˆëŠ” ë¶„ë§Œ ëŠ˜ í•œê²°ê°™ì´ ë¶ˆì¹œì ˆì„ ê³ ìˆ˜
í•˜ì‹œë„¤ìš”. ê·¸ ë•ë¶„ì— ì¹˜ê³¼ ê°ˆ ë•Œë§ˆë‹¤ ì‹œìž‘ê³¼ ëì´ ê¸°ë¶„ ì•ˆ ì¢‹ì€ ê±¸ ë„˜ì–´ì„œ ë¶ˆì¾Œí•©ë‹ˆë‹¤. í•œ ë‘ë²ˆì€ ê°œì¸ì ìœ¼ë¡œ ì•ˆ ì¢‹ì€ ì¼ ìžˆë‚˜? ì‹¶ì–´ ê·¸ëƒ¥ ë„˜ê²¼ëŠ”..."
239,ì„œ ì§€ ì€! ìŒ¤ ë„ˆë¬´ ì¹œì ˆí•˜ì‹¬
240,ì¢‹ìŠµë‹ˆë‹¤! ì¹œì ˆí•©ë‹ˆë‹¤ ^^
241,"ê¹¨ë—í•˜ê²Œ ìŠ¤ì¼€ì¼ë§ì„ í•´ì£¼ì…”ì„œ ê°ì‚¬í•©ë‹ˆë‹¤ ^^
ê°•ì¶”!!"
242,"ì•„ì´ê°€ êµì •ì¤‘ì¸ë°  ì„ ìƒë‹˜ë“¤ ëª¨ë‘ ì¹œì ˆí•˜ì‹œê³  ì¢‹ë„¤ìš” ã…Žã…Ž
ì¹œì ˆí•œ ì„¤ëª…ë„ ê°ì‚¬ë“œë ¤ìš”"
243,ì¹œì ˆí•˜ì‹œê³  ìŠ¤ì¼€ì¼ë§ ìž˜í•´ì£¼ì…”ì„œ ì¢‹ì•˜ì–´ìš”!!
244,êµì •í•˜ê³ ìžˆëŠ”ë° ì¹œì ˆí•˜ê³  ì¢‹ìŠµë‹ˆë‹¤
245,"ì¹˜ê³¼ëŠ” ì–¸ì œëŠ ë¬´ì„œìš´ë°..!
ì¹œì ˆí•˜ê²Œ ì„¤ëª…í•´ì£¼ì…”ì„œ ë§ˆìŒ ë†“ê³  ì§„ë£Œë°›ì•˜ìŠµë‹ˆë‹¤
ë‹¤ìŒì— ë˜ ëµê»˜ìš©"
246,êµì •ì¹˜ë£Œì— ë§¤ìš° ë§Œì¡±í•©ë‹ˆë‹¤!
247,ì£¼ê¸°ì ìœ¼ë¡œ ì¹˜ë£Œ ë°›ìœ¼ëŸ¬ ê°€ëŠ”ë° ì¹œì ˆí•˜ì‹œê³  ì„¤ëª…ë„ ìž˜í•´ì£¼ì‹­ë‹ˆë‹¤
248,êµì •ì§„ë£Œ. ìž˜ ë°›ê³ ìžˆì–´ìš”~!
249,ì¹˜ê³¼ê°€ ì œì¼ ë¬´ì„œìš´ ê³³ì´ì§€ë§Œ  ì—¬ê¸´ ëœì•„í”„ê²Œ ì¹˜ë£Œí•˜ê³  ì§ì›ë¶„ë“¤ì´ ì¹œì ˆí•˜ì—¬  ì´ê³³ë§Œ ì´ìš©í•©ë‹ˆë‹¤  ë¦¬ë·° ìž‘ì„±í•˜ë©´ êµ¬ê°•ìš©í’ˆ ì¦ì •í•˜ëŠ”ê±° ì§„ì§œìž„
250,ìŠ¤ì¼€ì¼ë§ì„ ì´ë ‡ê²Œ íŽ¸í•˜ê²Œ ë°›ì•„ë³¸ì ì´ ì—†ëŠ”ë° ë„ˆë¬´ ì¢‹ì•˜ì–´ìš”. 
251,ê°ì‚¬í•©ë‹ˆë‹¤~~~
252,ì¹œì ˆí•˜ê³  ê¼¼ê¼¼í•˜ê²Œí•´ì£¼ì„¸ìš”
253,ì¹œì ˆí•˜ê³  ì¹˜ë£Œë„ ìž˜ë°›ì•—ìŠµë‹ˆë‹¤ ë§¤ìš°ë§Œì¡±
254,"ì—¬ê¸° ì„ ìƒë‹˜ ì§„ì§œ ì‹¤ë ¥ìžì„¸ìš” ë”´ë° ê°™ìœ¼ë¯„ ì˜¹ë‹ˆê°€ ë˜ë“  ë§ë“  ê·¸ëƒ¥ ê³µê°„ë§Œ ë‹«ê³  ëë‚´ë²„ë¦´í…ë° ì—¬ê¸°ì„œëŠ” ì œê°€ ì˜¹ë‹ˆë ê¹Œë´  ì™„ì „ ì² ì €í•˜ê²Œ ê´€ë¦¬í•´ì£¼ì‹œê³  
ë³´ì² ë„ ì˜¹ë‹ˆ ì˜ˆë°© ë³´ì² ë¡œ ê¼¼ê¼¼í—ˆê²Œ ë§Œë“¤ì–´ì£¼ì…”ì„œ ì§€ê¸ˆ ì™„ì „ ì´ì˜ê²Œ ë“¤ì–´ê°€ëŠ” ì¤‘ì´ì—ìš” ê°•ì¶”í•©ë‹ˆë‹¤"
255,ì—„ì²­ ì¹œì ˆí•˜ê²Œ ì„¤ëª…í•´ì£¼ì‹œê³  ê¼¼ê¼¼í•˜ê²Œ í•´ì£¼ì…”ì„œ ì§„ì§œë¡œ ë§Œì¡±í–ˆìŠµë‹ˆë‹¤! ì˜¤ëž«ë§Œì— ì™”ëŠ”ë°ë„ í•˜ë‚˜ë„ ì•ˆì•„íŒ ì–´ìš”ã…Žã…Žã…Ž
256,ì¹œì ˆí•˜ì„¸ìš”
257,ì‹¤ë ¥ê³¼ ì¢‹ì€ ì„œë¹„ìŠ¤ë¥¼ ê²¸ë¹„í•œ ê³³ìž…ë‹ˆë‹¤
258,"ì›ìž¥ë‹˜ë„ ë„ˆë¬´ ì¢‹ìœ¼ì‹œê³  ë§¤ë²ˆê°ˆë•Œë§ˆë‹¤ ì¹œì ˆ X100,,,, ì„¤ëª…ë„ ì°¨ê·¼ì°¨ê·¼ ë„ˆë¬´ ìž˜í•´ì£¼ì‹­ë‹ˆë‹¤. ë‹¤ë¥¸ ìŒ¤ë“¤ë„ ë§¤ë²ˆ ìž˜í•´ì£¼ì…”ì„œ ë„ˆë¬´ ì¢‹ì•„ìš”! êµì • í•˜ì‹¤ ë¶„ë“¤ 
ê³ ë¯¼í•˜ì§€ë§ˆì‹œê³  ,  ë¬´ì„œì›Œë„ í•˜ì§€ë§ˆì‹œê³  ì¢…ë¡œ ê³ ìš´ë¯¸ì†Œì¹˜ê³¼ë¡œ ë°”ë¡œê°€ìŽ„ìš”~!"
259,í•­ìƒ ì¹œì ˆí•˜ì„¸ìš”~
260,ì „ë¬¸ì ìœ¼ë¡œ ìž˜ í•´ì£¼ì…¨ìŠµë‹ˆë‹¤.
261,"ë¹ ë¥¸ì¼ì²˜ë¦¬, ì¹œì ˆí•œ ì‘ëŒ€"
262,ì¹œì ˆí•˜ì‹œê³  ìž˜í•´ì£¼ì‹­ë‹ˆë‹¤.
263,ì¹œì ˆí•˜ê²Œ ìž˜ ì§„í–‰ì£¼ì…¨ì–´ìš”~
264,ìŠ¤ì¼€ì¼ë§ ê¼¼ê¼¼í•˜ê²Œí•´ì£¼ì…”ì„œ ê°ì‚¬í•´ìš”~
265,ì¢‹ì•„ìš”!!! ì¹œì ˆí•˜ì„¸ìš”
266,ëª¨ë‘ ì¹œì ˆí•˜ì‹œê³  ì¢‹ì•„ìš”!!
267,ìŠ¤ì¼ˆë§í•˜ëŠ”ë° í•˜ë‚˜ë„ ì•ˆì•„í”„ê³  ê¼¼ê¼¼ížˆ ìž˜í•´ì£¼ì…¨ì–´ìš”. ê°•ì¶”!
268,"ë§¤ë²ˆ ì°¸ ì¢‹ì•„ìš”
ì¹œì ˆí•˜ê³  ìƒì„¸í•˜ê²Œ ì„¤ëª…í•´ì£¼ì‹œê³  ì¹˜ì•„ ìƒíƒœë„ ë§Œì¡±*^ ê°ì‚¬í•©ë‹ˆë‹¤"
269,ë³‘ì›ì´ ê¹¨ë—í•˜ê³  ì¹œì ˆí•˜ì…”ì„œ ì¢‹ì•„ì—¬
270,ê¼¼ê¼¼ížˆ ìž˜í•´ì£¼ì…¨ìŠµë‹ˆë‹¤!!
271,êµì •ì¹˜ë£Œì¤‘ìž…ë‹ˆë‹¤ ë„ˆë¬´ ì¢‹ì•„ìš”~
272,ê¹¨ë—í•˜ê³  ì¹œì ˆí•©ë‹ˆë‹¤. ìž‡ëª¸ì´ ê°‘ìžê¸° ì•ˆì¢‹ì•„ì ¸ì„œ ê°”ëŠ”ë° ìŠ¤ì¼€ì¼ë§í•˜ê³  ë§Žì´ ì¢‹ì•„ì¡Œë„¤ìš”. ìž‡ëª¸ì¹˜ë£Œë„ ìƒì „ ì²˜ìŒìœ¼ë¡œ í•´ë³´ê³  ìžˆëŠ”ë° ë°›ì„ë§Œ í•˜ë„¤ìš”.
273,ì£¼ë³€ì— ì¹˜ê³¼ê°€ ë§Žì•„ì„œ ê³ ë¯¼í•˜ë‹¤ê°€ ë°©ë¬¸ í–ˆìŠµë‹ˆë‹¤ ì˜ì‚¬ì„ ìƒë‹˜ ê³¼ìž‰ì§„ë£Œ ì—†ê³  ì§ì›ë¶„ë“¤ ì¹œì ˆí•˜ì‹œêµ¬ìš” êµ‰ìž¥ížˆ ë§Œì¡± í•©ë‹ˆë‹¤
274,ì¢…ë¡œ ìµœê³ ì˜ ë³‘ì›.  ì™„ë²½í•œ ì¹˜ë£Œ.  ê±°í’ˆì—†ëŠ” ê°€ê²©.  ë‚¨ë…€ë…¸ì†Œ ë¶ˆë¬¸ ì í•©
275,ë§Œì¡±í•©ë‹ˆë‹¤ 
276,ì¢‹ì•„ìš”!
277,ì¹œì ˆí•˜ê³  ê¹¨ë—í•©ë‹ˆë‹¤. 
278,ì¹œì ˆí•˜ê³  ìž˜í•´ì£¼ì‹­ë‹ˆë‹¤.
279,êµì •ì§„ë£Œë°›ê³ ìžˆëŠ”ë° ì›ìž¥ë‹˜ë„ ê¼¼ê¼¼í•˜ì‹œê³  ì¹˜ìœ„ìƒì‚¬ ì„ ìƒë‹˜ë“¤ë„ ì—„ì²­ ì¹œì ˆí•˜ì„¸ìš”!ðŸ˜»
280,ì¼ë°˜ ìŠ¤ì¼€ì¼ë§ ë³´ë‹¤ ë” ê¼¼ê¼¼í•˜ê²Œ ë´ì£¼ì…”ì„œ ì¢‹ì•˜ìŠµë‹ˆë‹¤ ì¹˜ìœ„ìƒì‚¬ë‹˜ë„ ë„˜ë„˜ ì¹œì ˆí•˜ì‹œê³ ìš” ë‹¤ìŒì—ë„ ì´ ìŠ¤ì¼€ì¼ë§ ë°›ìœ¼ë ¤ê³ ìš”~
281,ë‘ ë²ˆì§¸ ë°©ë¬¸í•˜ëŠ”ë° í•­ìƒ ê¼¼ê¼¼í•˜ê²Œ í•´ì£¼ì‹­ë‹ˆë‹¹
282,ìž„í”Œëž€íŠ¸ ë¯¿ê³  ì‹œìž‘í–ˆë„¤ìš”
283,ì¹œì ˆí•´ìš”
284,"êµì • ì‹œìž‘í•œì§€ 1ë…„ ë˜ì—ˆë„¤ìš”
í•œê²°ê°™ì´ ê¼¼ê¼¼í•˜ê³  ìŠ¤ë§ˆíŠ¸í•˜ê²Œ ì§„ë£Œí•´ì£¼ì…”ì„œ ê°ì‚¬í•©ë‹ˆë‹¤
ì´ê°€ ë§Žì´ ë“¤ì–´ê°€ì„œ ìž…ìˆ ë¼ì¸ì´ ìžì—°ìŠ¤ëŸ¬ì›Œì¡Œì–´ìš” ê¸°ëŒ€ë©ë‹ˆë‹¤"
285,êµì •ì¹˜ë£Œì¤‘ì´ì˜ˆìš” ë„ˆë¬´ ì¢‹ì•„ìš”!
286,ì¹œì ˆí•˜ì‹­ë‹ˆë‹¤~
287,"ë°”ë€ ìœ ì§€ê¸° ì ‘ì°©ì•¡
ë¶€ë“œëŸ½ê³  ê´œì°®ë„¤ìš”"
288,ê°ì‚¬í•©ë‹ˆë‹¤!
289,ì „ë¬¸ì ì´ê³  ìž˜í•´ì£¼ì‹­ë‹ˆë‹¤. ì œê°€ ë°©ë¬¸í–ˆì„ë•Œ ì‹ ê²½ì¹˜ë£Œ í•˜ì‹œëŠ” ì„ ìƒë‹˜ì´ ì•ˆê³„ì…”ì„œ ë‹¤ë¥¸ ë‚ ë¡œ ì´ë™í•´ ìž¡ì•˜ëŠ”ë° ê·¸ê²Œ ì¢€ ì•„ì‰¬ì› ì§€ ì—´ì‹¬ížˆ ì¹œì ˆí•˜ê²Œ í•´ì£¼ì‹­ë‹ˆë‹¤. ^^ 
290,ì¢‹ì•„ìš”
291,ë„ˆë¬´ ì¢‹ì•„ìš” í•˜í•˜
292,"íšŒì‚¬ ì•žì´ë¼ ë” ì¢‹ê³ , ì„¤ëª…ë„ ìž˜ í•´ì£¼ì‹œê³  ì¹œì ˆí•´ì„œ ë”ë” ì¢‹ì•„ìš”!^^"
293,ì¢‹ì•„ìš”
294,ì¢‹ì•„ìš”
295,ì‹œì„¤ë„ ê¹”ë”í•˜ê³  êµì •ì‹¬ë¯¸ë³„ê´€ì´ ë”°ë¡œ ìžˆì–´ì„œ ì¢‹ì•„ìš”. ì›ìž¥ë‹˜ê³¼ ì„ ìƒë‹˜ë“¤ ëª¨ë‘ ì¹œì ˆí•´ì„œ ì¢‹ì•„ìš”ðŸ˜š
296,í•­ìƒ ì¹œì ˆí•´ìš”!
297,êµ¿
298,êµ³
299,"ë§¤ë²ˆ ì¹œì ˆí•˜ê²Œ ì‘ëŒ€í•´ì£¼ì‹œê³  ê¶ê¸ˆí•œ ê²ƒ ë‹µí•´ì£¼ì…”ìš”.ì•ž6ë‹ˆ êµì •ì€ 1ê°œì›” ì¡°ê¸ˆ ë„˜ì—ˆëŠ”ë°, ì œ ê²½ìš° ëŒ€ë§Œì¡±ìž…ë‹ˆë‹¤ ã…Žã…Ž"
300,ì–¸ì œë‚˜ ì„¸ì‹¬í•˜ê²Œ ë°°ë ¤í•´ì£¼ì‹œëŠ” ê°„í˜¸ì‚¬ë‹˜ë“¤ ë„ˆë¬´ ê°ì‚¬í•´ìš”
301,êµì •ì¹˜ë£Œì¤‘ì¸ë° í•­ìƒ ì¹œì ˆí•˜ê²Œ ì¹˜ë£Œí•´ì£¼ì…”ì„œ íŽ¸í•˜ê²Œ ì¹˜ë£Œë°›ê³  ê°‘ë‹ˆë‹¤!
302,ëŠ˜ ì¹œì ˆí•˜ì‹œê³  ì„¸ë°€í•˜ê²Œ ìž˜ ì§„ë£Œë´ì£¼ì„¸ìš”. ê±±ì •ì•Šê±°ê³  ê·¸ëƒ¥ ë§¡ê¹ë‹ˆë‹¤
303,í•­ìƒ ì¹œì ˆí•˜ì„¸ìš” ~
304,í•­ìƒ  ì¹œì ˆí•˜ì…”ì„œ ë„ˆë¬´ ì¢‹ì•„ìš”
305,"ì§ˆë¬¸ì— ëŒ€í•œ ë‹µì— ì‹¤ë ¥ ìžˆìœ¼ì‹¬ì´ ë¬»ì–´ë‚˜ê³ , ì¹œì ˆí•˜ê³ , ìƒì„¸í•˜ê³  ì´í•´í•˜ê¸° ì‰½ê²Œ ì„¤ëª…í•´ì£¼ì‹œê³ , ì‹œì„¤ì€ ê¹¨ë—í•˜ê³  íŽ¸ì•ˆí•©ë‹ˆë‹¤. ì¢‹ì€ ì¹˜ê³¼ìž…ë‹ˆë‹¤,"
306,í•­ìƒ ì¹œì ˆí•˜ì„¸ìš”
307,ì¹œì ˆí•œ ì§„ë£Œë¥¼ ë°›ì•˜ì–´ìš”~~
308,ëª¨ë‘ëª¨ë‘ ì¹œì ˆí•˜ê³  ì„¸ì‹¬í•˜ê²Œ ì‹ ê²½ì¨ ì¤˜ì„œ ì¢‹ì•„ìš”
309,êµì •ì¹˜ë£Œì¤‘ì´ì˜ˆìš” í•­ìƒì¹œì ˆí•˜ì„¸ìš”!
310,"í•­ìƒì¹œì ˆí•˜ê³  ìž˜í•©ë‹ˆë‹¤,ê°ì‚¬í•©ë‹ˆë‹¤!!!"
311,"ë”¸ëž¨ê³¼ êµì •ë¶€í„° ì¶©ì¹˜ì¹˜ë£Œê¹Œì§€
ê¼¼ê¼¼í•œ ì¹˜ë£Œê³¼ì •"
312,ëª¨ë‘ ì¹œì ˆí•˜ì‹œê³  ì¢‹ì•„ìš”~
313,"ë§¤ë²ˆ ë§Œì¡±í•©ë‹ˆë‹¤
ì„ ìƒë‹˜ êµ°ë”ë”ê¸° ì—†ì´ ì¹œì ˆí•˜ê³  ìŠ¤ë§ˆíŠ¸í•˜ê²Œ ìž˜ ì„¤ëª…í•´ì£¼ì‹œê³  ì°¸ ì¢‹ì•„ìš”"
314,ëª¨ë‘ ì¹œì ˆí•˜ì…”ì„œ ì¹˜ë£Œ íŽ¸í•˜ê²Œ ìž˜ ë°›ì•˜ìŠµë‹ˆë‹¤:)
315,ì˜¨ê°€ì¡±ì´ í•¨ê»˜ ë‹¤ë‹ˆëŠ” ì¹˜ê³¼ìž…ë‹ˆë‹¤
316,ì¹´í†¡ì‘ëŒ€ëŠ” ì¢‹ì•˜ìœ¼ë‚˜ ìƒë‹´ë¹„ ê°€ê°ì—†ì´ ì•½ 10ë°° ë¹„ì‹¼ë° ë‹¤ë¥¸ ë³‘ì›ë“¤ë³´ë‹¤ ì˜ì—…ë ¥ì´ ë§¤ìš° ë–¨ì–´ì§. ìž¥ì ì€ 9ì‹œ30ë¶„ ì˜¤í”ˆ í•˜ë‚˜.
317,ì¢‹ì•„ìš”! !!
318,ì¢‹ì•„ìš”
319,ì¹œì ˆí•˜ê³  ìž˜í•´ì£¼ì‹­ë‹ˆë‹¤.
320,ì¹œì ˆí•˜ì„¸ìš”
321,êµì •ì¹˜ë£Œì¤‘ì¸ë° í•­ìƒ ì¹œì ˆí•˜ì„¸ìš”!
322,êµ¿
323,ë‚´ë¶€ë„ ì—„ì²­ ê¹”ë”í•˜ê³  ì‹œì„¤ ì¢‹ì•„ìš©! êµì •ì§„ë£Œ ë°›ëŠ”ì¤‘ì¸ë° ì¢‹ì•„ìš”!
324,ì¹˜ê³¼ ì˜¬ë•Œë§ˆë‹¤ í•­ìƒ ì¹œì ˆí•˜ê²Œ í•´ì£¼ì…”ì„œ ë¬´ì„­ì§€ ì•Šê³  ì˜¤ížˆë ¤ ë” íŽ¸í•˜ê²Œ ì§„ë£Œ ë°›ì„ ìˆ˜ ìžˆì–´ ì¢‹ì•„ìš”
325,ì§€ë‚˜ê°€ë‹¤ ìŠ¤ì¼€ì¼ë§ ë°›ìœ¼ë ¤ê³  ë“¤ë ¸ëŠ”ë°.... ê¹”ë”í•˜ê³  ì‹œì›ížˆê²Œ ìž˜í•´ì£¼ì…”ì„œ ë„ˆë¬´ ê°ì‚¬í•©ë‹ˆë‹¤ ã…Žã…Ž ìŠ¤ì¼€ì¼ë§ë§Œ ë°›ìœ¼ëŸ¬ ì™”ëŠ”ë° ê°„ë‹¨í•œ ì¶©ì¹˜ ê²€ì‚¬ë„ ìž˜ ë°›ê³  ê°€ìš”~~
326,í•­ìƒì¹œì ˆí•˜ê³ .ì¢‹ì•„ìš”!!!ðŸ˜·ðŸ˜·ðŸ˜·ðŸ˜·
327,ì¹œì ˆí•˜ê³  ìžì„¸í•œ ì„¤ëª…ìœ¼ë¡œ ì¢‹ì•˜ìŠµë‹ˆë‹¤!
328,ì¹œì ˆí•˜ê³  ê³¼ìž‰ì§„ë£Œ ì—†ëŠ” ê³³. ì–´ê¸ˆë‹ˆ ì¸ë ˆì´ ë°”ê¾¸ëŸ¬ ì¡°ë§Œê°„ ë‹¤ì‹œ ì˜ˆì•½ í•˜ê² ìŠµë‹ˆë‹¤!
329,êµ¿
330,"ë„ˆë¬´ì„¸ì‹¬í•˜ê³  ì¹œì ˆí•´ì„œ,ë§Œì¡±í•©ë‹ˆë‹¤!!ðŸ˜·ðŸ˜·ðŸ˜·"
331,ì¹œì ˆí•´ìš”^^
332,ëŠ˜ ëŠë¼ëŠ” ê²ƒì´ì§€ë§Œ ì°¸ ì¹œì ˆí•˜ê³  ì¢‹ë„¤ìš”~ ì§ì›ë¶„ë“¤ ì›ì •ë‹˜ ëª¨ë‘ ì¹œì ˆ
333,ì¢‹ì•„ìš”!!!
334,í•­ìƒ ì¹œì ˆí•˜ì„¸ìš”!
335,ì¢‹ì•„ìš”~~~
336,êµì •í•˜ê³ ìžˆì–´ìš”
337,"ì¶©ì¹˜ì¹˜ë£Œ ë¬´ì„œì›Œí•˜ëŠ”ë° ì•ˆì•„í”„ê²Œ í•´ì£¼ì…¨ì–´ìš”! 
í•­ìƒ ì¹œì ˆí•˜ê³  ê°ì‚¬í•´ìš”~"
338,ì¹œì ˆí•˜ì„¸ìš”:)
339,"ìŠ¤ì¼ˆë§
ìž˜í•˜ê³ 
ê°‘ë‹ˆë‹¤"
340,ì¹˜ê³¼ê°€ ë„“ê³  ê¹¨ë—í•´ì„œ ì¢‹ì•„ìš©
341,êµì •ì¹˜ë£Œì¤‘ì¸ë° ë„ˆë¬´ ì¹œì ˆí•˜ì„¸ìš”!
342,ì¹œì ˆí•˜ê²Œ ìž˜ ì§„í–‰í•´ì£¼ì…¨ìŠµë‹ˆë‹¤
343,í•­ìƒ ë§¤ìš°ì¹œì ˆí•´ìš©
344,"ì €í¬ì˜¨ê°€ì¡±ì´ë‹¤ë‹¤ë‹ˆê³ ìžˆìŠµë‹ˆë‹¤!
10ë…„ì§¸ì›ìž¥ë‹˜ë³€ê²½ë„ì—†ê³ í•œê²°ê°™ë„¤ìš”!
ì¹œì ˆí•´ìš”!"
345,"í•­ìƒì¹œì ˆí•˜ê³  ì„¸ì‹¬í•˜ê²Œ í•¨,ê°ì‚¬í•©ë‹ˆë‹¤! ! !"
346,ì›ìž¥ë‹˜ ìŠ¤ë§ˆíŠ¸ í•˜ì‹œê³  ì¹œì ˆí•˜ì‹œê³  ì§„ë£Œë„ ë¬´ì²™ ê¼¼ê¼¼í•˜ê²Œ ì§ˆí•´ì£¼ì…”ì„œ ê°ì‚¬í•©ë‹ˆë‹¤~ ëŠ˜ ë§Œì¡±í•˜ê³  ê°€ìš”~ ì¹˜ì•„ë„ ì´ì˜ê²Œ ìž˜ ë˜ì–´ê°€ëŠ” ì¤‘ìž…ë‹ˆë‹¤
347,ë„ˆë¬´ ì„¬ì„¸í•˜ê³  ì¹œì ˆí•˜ê²Œ í•´ì£¼ì„¸ìš”!
348,ì¹œì ˆí•˜ì„¸ìš”. ìŠ¤ì¼ˆë§ ë°›ì•˜ëŠ”ë° ì•ˆì•„í”„ê²Œ ìž˜ í•´ì£¼ì…¨ì–´ìš”ìŠ¤ì¼ˆë§ í•˜ëŠ”ë™ì•ˆ ì„¤ëª…ë„ ìž˜í•´ì£¼ì‹œê³  ë„ˆë¬´ ê°ì‚¬í–ˆìŠµë‹¤
349,êµì •ì§„ë£Œ ë°›ê³ ìžˆëŠ”ë° ì›ìž¥ë‹˜ë„ ê¼¼ê¼¼í•˜ì‹œê³  ì¹˜ìœ„ìƒì‚¬ì„ ìƒë‹˜ë“¤ë„ ë„ˆë¬´ ì¹œì ˆí•˜ì„¸ìš”!! ë„ˆë¬´ ì¢‹ìŠµë‹ˆë‹¤
350,ìš”ì¦˜ ì½”ë¡œë‚˜ë•Œë¬¸ì— ë¬´ì„œì›Œì„œ ì•„í”ˆê±° ì°¸ê³  ì°¸ë‹¤ê°€ ì¹˜ê³¼ ì™”ëŠ”ë° ì •ë§ ê¸°ë¶„ì¢‹ê²Œì§„ë£Œ ë°›ê³  ê°‘ë‹ˆë‹¤ ~~ :) ìš°ì„  ì¹˜ê³¼ê°€ ë„“ê³  ê¹¨ë—í•œ ëŠë‚Œì´ê³  ì „ì²´ì ìœ¼ë¡œ ë©¸ê· ì— ì‹ ê²½ì“´ê²Œ ë³´ì´ë”ë¼êµ¬ìš” ê¸°êµ¬ë„ ë”°ë¡œ í¬ìž¥ ë˜ì–´ìžˆê³  ì•‰ì•„ì„œ ê¸°ë‹¤ë¦¬ë‹¤ê°€ ë´¤ëŠ”ë° ëë‚˜ë©´ ì˜ìžë„ ê¹¨ë—ížˆ ë‹¦ì•„ì£¼ì‹œë”ë¼êµ¬ìš” ! ì¹œì ˆí•˜ê³  ê¹¨ë—í•œì¹˜ì™€ì—ì„œ ì§„ë£Œ ìž˜ ë°›ê³  ê°‘ë‹ˆë‹¤! êµ¿!
351,í•­ìƒ ì¹œì ˆí•˜ê²Œ ì•„í”„ì§€ì•Šê²Œ í•´ì£¼ì…”ì„œ ê°ì‚¬í•©ë‹ˆë‹¤
352,êµì •ì„ ìœ„í•´ ì—´ì‹¬ížˆ ë‹¤ë‹ˆê³  ìžˆì–´ìš” ë„ˆë¬´ë„ˆë¬´ ì¹œì ˆí•´ìš” ì‚¬ì‹¤ ê°€ê¹ë‹¤ë³´ë‹ˆ ìžì£¼ ê°€ëŠ”ë° ê·€ì°®ì€ ë‚´ìƒ‰ ì—†ê³  ì§„ë£Œê°€ ê¸¸ì–´ì ¸ í‡´ê·¼ì´ ëŠ¦ì–´ì¡ŒìŒì—ë„ ì¹œì ˆí•œ ì›ƒìŒìœ¼ë¡œ ë§ˆë¬´ë¦¬í•´ì£¼ì…”ì„œ ê°ì‚¬í•©ë‹ˆë‹¤
353,êµì •ìƒë‹´ì„ ëª‡êµ°ëŒ€ë¥¼ ë‹¤ë…€ì™”ì§€ë§Œ ìš°ì„  ê¶ê¸ˆí•œì ì„ ìž˜ ì•Œë ¤ì£¼ì‹œê³  ì •í™•í•œ ë‚´ìš©ì„ ì•Œë ¤ì£¼ì…”ì„œ ë„ˆë¬´ ì¢‹ì•˜ì•„ìš” ë˜í•œ ë„ˆë¬´ ì¹œì ˆí•©ë‹ˆë‹¤
354,ì¹œì ˆí•˜ê²Œ ì„¤ëª…í•´ì£¼ì…”ì„œ ì¢‹ì•„ìš”
355,ì¹œì ˆí•´ìš”~~~
356,ì¹œì ˆí•˜ê³  í•­ìƒ ì§„ë£Œí•´ì£¼ì‹œëŠ” ìŒ¤ì´ ê°™ì•„ìš”~ êµì •ë„ í•˜ê³  ì¶©ì¹˜ ì¹˜ë£Œë„ í–ˆì—ˆëŠ”ë° ë‘˜ ë‹¤ ì¢‹ë„¤ìš”
357,ì¹˜ë£Œ ìž˜ ë°›ì•˜ê³  ì¹œì ˆí•˜ê²Œ ìƒë‹´í•´ì£¼ì‹­ë‹ˆë‹¤
358,ì˜›ë‚ ë¶€í„° ë¼ë¯¸ë„¤ì´íŠ¸ ë„ˆë¬´ í•˜ê³ ì‹¶ì–´ì„œ ê³ ë¯¼ì¤‘ì´ì˜€ëŠ”ë°  ì´ë²ˆì— í™©ê·œìš© ì›ìž¥ë‹˜ì´ ì‹¬ë¯¸ë³´ì²  ì „ë¬¸ì´ë¼ëŠ” ì‚¬ì‹¤ì„ ì•Œê²Œëì–´ìš”!!! ê³„ì† ë‹¤ë‹ˆë˜ ì¹˜ê³¼ì˜€ëŠ”ë°...ìŠ¤ì¼ˆë§ë§Œ í•˜ëŠë¼ ëª°ëžì–´ìš”...ã…‹ã…‹ã…‹ ì›ìž¥ë‹˜ê»˜ ê¶ê¸ˆí•œê±° ë¬¼ì–´ë³´ë‹ˆê¹Œ ì„¤ëª…ë„ ìž˜ í•´ì£¼ì‹œê³  ì§„ë£Œë„ ì •ë§ ì‹ ì¤‘í•˜ê²Œ ìž˜ ë´ì£¼ì‹œë”ë¼êµ¬ìš”ðŸ‘ ê²°ê³¼ë„ ë„ˆë¬´ ë§Œì¡±ìŠ¤ëŸ¬ì›Œìš”ã…Žã…Ž  ì›ìž¥ë‹˜ ì‹¤ë ¥ ë„ˆë¬´ ì¢‹ìœ¼ì‹ ê±°ê°™ì•„ìš”ê·¸ë¦¬ê³  ì°½ë¬¸ í†µìœ ë¦¬ë¡œ ë˜ì–´ìžˆì–´ì„œ ì´ìžë¦¬ ë„ˆë¬´ ì¢‹ì•˜ì–´ìš”... ã…Žã…Ž
359,í•­ìƒ ì¹œì ˆí•˜ê²Œ ì§„ë£Œí•´ì£¼ì„¸ìš”~~!!
360,ë§¤ìš° ë§Œì¡±í•©ë‹ˆë‹¤~ ì¶©ì¹˜ê°€ ê½¤ ê¹Šì—ˆëŠ”ë° ì¹˜ë£Œí• ë•Œ í•˜ë‚˜ë„ ì•„í”„ì§€ ì•Šë”ë¼êµ¬ìš” ã…Žã…Ž ê³¼ìž‰ ì§„ë£Œë„ ì—†ëŠ” ê²ƒ ê°™ì•„ì„œ ì¢‹ì•˜ì–´ìš”!
361,ì¹œì ˆí•˜ì„¸ìš”:)
362,í•­ìƒ ì¹œì ˆí•˜ì…”ì„œ ë‚˜ë¬´ ì¢‹ì•„ìš” ðŸ‘ðŸ‘
363,"ì½”ë¡œë‚˜ ë•Œë¬¸ì— ë³‘ì›ê°€ê¸° ë¬´ì„œì› ëŠ”ë° ë¯¸ë£¨ë‹¤ê°€ ê²°êµ­ ì˜¤ê²Œë˜ì—ˆì–´ìš” ~.. ì†ì†Œë…ì œëŠ” ê³³ê³³ì— ë°°ì¹˜ë˜ì–´ ìžˆì—ˆê³ , ë¬¼ì–´ë³´ë‹ˆê¹ ì €ì˜¨ë©¸ê· ê¸°ë¥¼ ì‚¬ìš©í•œë‹¤ê³  í•˜ë”ë¼êµ¬ìš” ~  ë‹¤ë¥¸ ê³³ ë³´ë‹¤ëŠ” í™•ì‹¤í•˜ê²Œ ê¸°êµ¬ ì†Œë…ì´ ì´ë£¨ì–´ì§€ëŠ” ê²ƒ ê°™ì•„ì„œ ì•ˆì‹¬í•˜ê³  ì¹˜ë£Œ ë³¼ ìˆ˜ ìžˆì—ˆìŠµë‹ˆë‹¤..  ì˜ì‚¬ì„ ìƒë‹˜ì´ëž‘ ìœ„ìƒì‚¬ë¶„ë“¤ë„ ë„ˆë¬´ ì¹œì ˆí•˜ì…”ì„œ ì•žìœ¼ë¡œ ì¹˜ê³¼ ì˜¬ ì¼ ìžˆìœ¼ë©´ ì—¬ê¸°ë§Œ ì˜¤ë ¤ê³ ìš” !  ê°ì‚¬í•©ë‹ˆë‹¤ ~~"
364,"ì—°ì„¸ê³ ìš´ë¯¸ì†Œì¹˜ê³¼ ì¢…ë¡œ1ê°€ì— ìžˆëŠ”ë° ì˜¤ëŠ˜ ë³‘ì›ì„ ì™”ì–´ìš”. ì§ì›ë“¤ì´  ì¹œì ˆí•˜ê³  ê·œëª¨ê°€  ìž˜ ì •ë¦¬ ë˜ì—ˆêµ¬ ì›ìž¥ë‹˜ë„ ì°¸ ì¹œì ˆí•˜ì…”ì„œ  ì§„ë£Œ ìž˜ë°›ê³   ì„ ë¬¼ë„  ë°›
ê³  ì™”ìŠµë‹ˆë‹¤. ê°ì‚¬ í•©ë‹ˆë‹¤ . ~^^"
365,ì¹œì ˆí•˜ì„¸ìš”.
366,êµì • ì¤‘ì¸ë° ì¹œì ˆí•˜ì…”ì„œ ì¢‹ìŠµë‹ˆë‹¤.
367,8ë…„ì§¸ ì• ìš©ì¤‘ì¸ ì¹˜ê³¼ìž…ë‹ˆë‹¤~! ì›ìž¥ë‹˜ê³¼ ì¹˜ê³¼ìœ„ìƒì‚¬ ì„ ìƒë‹˜ ëª¨ë‘ ë„ˆë¬´ ì¹œì ˆí•˜ì„¸ìš”!
368,ê°ì‚¬í•©ë‹ˆë‹¤:)
369,ë§Œì¡±í•©ë‹ˆë‹¤!!!ðŸ˜·ðŸ˜·ðŸ˜·ðŸ˜·
370,ì¢‹ì•„ìš”
371,ë‹´ë‹¹ ê°„í˜¸ì‚¬ ê°€ ë„ˆë¬´ ì¹œì ˆí•˜ê²Œ ì¤‘ê°„ì¤‘ê°„ ì„¤ëª…í•´ì£¼ì‹œê³  ê¶ê¸ˆí•œê²ƒë„ ìž˜ëŒ€ë‹µí•´ì£¼ì‹¬
372,ì¹œì ˆí•˜ê³  ì¢‹ì•„ìš”
373,í•­ìƒ ì¹œì ˆí•˜ê³  ê¼¼ê¼¼ížˆ ì§„ë£Œë°›ì„ ìˆ˜ ìžˆì–´ìš”
374,ì˜¤ëŠ˜ì€ ë°‘ì—ì´ë¹¨ êµì •ê¸° ë¼ìš°ëŸ¬ê°€ëŠ”ë‚ ì´ì—ˆë‹¤...ì¹œì ˆížˆ ê¼¼ê¼¼ížˆ ì²´í¬ìž˜í•´ì£¼ì‹œë©° ì•„í”„ì§€ ì•Šê²Œ ìž˜ë´ì£¼ì…”ì„œ ê°ì‚¬í•©ë‹ˆë‹¤ ^~
375,ì¹œì ˆí•˜ê²Œ ìƒë‹´í•´ì£¼ì…¨ì–´ìš”!
376,"ì˜ì‚¬ ì„ ìƒë‹˜ë„ ì¢‹ìœ¼ì‹œê³  ë§¤ìš° ì—´ì‹¬ížˆ í•˜ëŠ” ë¯€ë‚Œ, ì§ì›ë¶„ë“¤ë„ ë‹¤ë“¤ ì‹¤ë ¥ ì¢‹ì€ ëŠë‚Œìž…ë‹ˆë‹¤!"
377,ì˜¤ëžœë§Œì— ë‚´ì›í–ˆëŠ”ë° ì˜ˆì „ì²˜ëŸ¼ ì‚ê¹Œ ë²ˆì©í•œ ëŠë‚Œì€ ì•„ë‹ˆì§€ë§Œ ì—¬ì „ížˆ ê¹”ë”í•˜ê³  ì‘ëŒ€í•´ì£¼ì‹œëŠ” ëª¨ë“  ì„ ìƒë‹˜ë“¤ì´ ì¹œì ˆí•˜ì‹­ë‹ˆë‹¤! ë˜í•œ ì›ìž¥ë‹˜ë“¤ ê³¼ìž‰ì§„ë£Œ ì•ˆ í•˜ì‹œëŠ” ë¶€ë¶„ì´ ë„ˆë¬´ ì¢‹ì•„ì„œ ì•žìœ¼ë¡œë„ ì œ ì¹˜ì•„ê±´ê°•ì€ ì—¬ê¸°ì— ë§¡ê¸¸ ê±°ì˜ˆìš” ðŸ˜Š
378,ì¢‹ì•„ìš”
379,êµ¿
380,ì¹œì ˆí•˜ì‹œê³  ê¼¼ê¼¼ížˆ ìž˜ ë´ì£¼ì„¸ìš”
381,"ì´ê³³ êµì •í•œì§€ 6ê°œì›”.. ì›ìž¥ë‹˜ ë¶ˆí•„ìš”í•œ ë§ì”€ ì•ˆí•˜ì‹œê³  ì¹œì ˆí•˜ì‹œê³  ìŠ¤ë§ˆíŠ¸ í•˜ê²Œ ë”± í•„ìš”í•œ ë‚´ìš©, ì•Œê³ ì‹¶ì€ ê²ƒì„ ë‹¤ ì•Œë ¤ì£¼ì„¸ìš”. ì§ì›ë¶„ë“¤ ê±°ì§“ë§ ì—†ì´ ì™„ì „ ë‹¤ ì¹œì ˆí•˜ì„¸ìš” . ê¸°ë¶„ë‚˜ë¹´ë˜ ì  í•œë²ˆë„ ì—†ì´ ëª¨ë‘ ì¹œì ˆí•˜ì„¸ìš”."
382,í•­ìƒ ì¹œì ˆí•˜ì„¸ìš”
383,ë•ë¶„ì— êµì •ì„ í†µí•´ ë§ˆìŒì— ê¼­ ë“œëŠ” ì¹˜ì•„ë¡œ ê±°ë“­ë‚¬ì–´ìš”~!
384,"êµì •ì¹˜ë£Œì¤‘. ì˜ˆì•½ì„ í•˜ê³  ë°©ë¬¸í•´ë„ ëŠ˜ 20ë¶„ ì´ìƒ ê¸°ë‹¤ë ¤ì•¼í•¨.  êµì • ì „ë¬¸ì˜ëŠ” í•œë¶„ì¸ë° ë°©ë¬¸ í™˜ìžê°€ ì¤„ì„œìžˆì–´ì„œ ê·¸ëŸ°ì§€ ëŒ€ì¶© ë´ì£¼ëŠ” ê²ƒ ê°™ìŒ ê³µìž¥í˜• ëŠ
ë‚Œ. ì¹˜ì•„ ë¼ˆ ì‚¬ì§„ ì²˜ìŒ ë“±ë¡ í›„ í•œë²ˆë„ í™•ì¸í•œì  ì—†ìŒ.  ìž˜ ë˜ê³  ìžˆëŠ”ì§€ ëª¨ë¥´ê² ìŒ.  ì›ëž˜ ë‹¤ë¥¸ ë³‘ì›ë„ ê·¸ëŸ°ê±´ì§€ ëª¨ë¥´ê² ì§€ë§Œ ì™€ì´ì–´ êµì²´ì‹œ ì›ìž¥ë‹˜ì´ ì•ˆí•˜
ê³   ê°„í˜¸ì‚¬ì´ì‹ ì§€ ë‹¤ë¥¸ë¶„ë“¤ì´ í•¨.  ì„œíˆ¬ë¥¸ ì‚¬ëžŒ ì‹œì¼œì„œ ë¶ˆì•ˆë¶ˆì•ˆí•œì ì´ ë§ŽìŒ"
385,ì¹œì ˆí•˜ê³  ìž˜í•´ì£¼ì‹­ë‹ˆë‹¤. ì¢‹ì•„ìš”.
386,ì¹œì ˆí•˜ì‹­ë‹ˆë‹¤^^
387,ê³ ë“±í•™ìƒë•Œë¶€í„° ì¹˜ì•„êµì • ëë‚˜ê³ ë„ 10ë…„ë™ì•ˆ ë‹¤ë‹ˆëŠ” ì¹˜ê³¼ì¸ë° ëŠ˜ ì¹œì ˆí•˜ì‹œê³  ì§„ë£Œë„ ìž˜ ë´ì£¼ì„¸ìš”! íŠ¹ížˆ êµì • ì „ë¬¸ ìµœë‚™ì²œ ì›ìž¥ë‹˜ ì§±ì´ì—ìš¥!!
388,"10ë…„ë™ì•ˆ ë‹¤ë‹ˆëŠ” ì¹˜ê³¼ìž…ë‹ˆë‹¤
ì–¸ì œë‚˜ ì¹œì ˆí•˜ê³  ì›ìž¥ë‹˜ì´ ë„ˆë¬´ ì¢‹ìœ¼ì„¸ìš”^^"
389,"ë³´ì² ì™„ë£Œí•˜ê³ 
ìŠ¤ì¼ˆë§ë„ í–ˆì–´ìš”
ì•ˆì•„í”„ê³  ê¼¼ê¼¼í•˜ê²Œ ìž˜í•´ì£¼ì…¨ì–´ìš”"
390,"ìŠ¤ì¼ˆë§ ì¹˜ë£Œë°›ìœ¼ëŸ¬ ì™”ëŠ”ë° ì¹œì ˆí•˜ê³  ì„¸ì‹¬í•˜ê²Œ
ì—¬ëŸ¬ëª¨ë¡œ ì¹˜ë£Œìž˜ ë°›ì•˜ìŠµë‹ˆë‹¤"
391,ìŠ¤ì¼ˆë§ë°›ì•˜ëŠ”ë°.ì¹œì ˆí•˜ì‹œê³  ìž˜í•´ì£¼ì„¸ìš”.
392,"êµì • ì¤‘ìž…ë‹ˆë‹¤, ì¹œì ˆí•˜ê³  ì¢‹ìŠµë‹ˆë‹¤ ~"
393,ì¹œì ˆí–‰á†¢ã„·
394,"êµì •ì¹˜ë£Œ ì •ê¸°ì ìœ¼ë¡œ ë°›ê³ ìžˆìŠµë‹ˆë‹¤~
ì¶”ì²œì¶”ì²œbb"
395,"ëŠ˜ ìž˜í•´ì£¼ì…”ì„œ ê°ì‚¬í•©ë‹ˆë‹¤
ë¯¿ìŒì´ ê°€ëŠ” ê³³ì´ì—ìš”~
ê·¸ëŸ¬ë‹ˆ ê´‘ì£¼ì—ì„œ ì—¬ê¸°ê¹Œì§€ ì˜¤ì£ ~"
396,êµì • ë•Œë¬¸ì— ë‹¤ë‹ˆëŠ”ë° ì¹œì ˆí•˜ì…”ì„œ ì¢‹ì•„ìš”!
397,"í•­ìƒ ì¹œì ˆí•œ ê³³ì´ì—ìš”~!!!
ë‹¨ê³„ë§ˆë‹¤ ìžì„¸í•œ ì„¤ëª…ê³¼ ê°™ì´ ê¼¼ê¼¼í•˜ê²Œ í•´ì£¼ëŠ” ê³³~~"
398,"í•­ìƒ ê²€ì§„í•˜ëŠ” ì¹˜ê³¼, ì¹œì ˆí•˜ê³  ê¼¼ê¼¼í•˜ê¸° ì§„ë£Œí•´ì£¼ì„¸ìš” ^^"
399,ì¹œì ˆí•˜ê³  ê¹¨ë—í•´ìš”
400,"êµì •ë•Œë¬¸ì— ì†Œê°œë¡œê°€ì„œ ìƒë‹´ì„ë°›ì•„ ë‘ë²ˆìƒë‹´í›„ ì„¸ë²ˆì§¸ì˜¤ëŠ˜ êµì •ì„ í•˜ëŸ¬ ë”¸ì„ ë°ë¦¬ê³  ë°©ë¬¸í–ˆìŠµë‹ˆë‹¤...êµì •ë„ ì„¸ë°€ì´ ì°¬ì°¬ížˆ ì• ê°€ ê²ì„ ì¡°ê¸ˆ ë¨¹ì—ˆëŠ”ë°ë„
ì°¨ë¶„í•˜ê²Œ ìž˜ ì±™ê²¨ì£¼ì‹  ì„ ìƒë‹˜ ê³ ë§ˆì› ìŠµë‹ˆë‹¤..ëë‚œí›„ ì˜†ì„œ í•œìž¥ì„ ì¨ì„œ ì•„ì´ì—ê²Œ ì „ë‹¬í•´ì£¼ì‹¤ë•Œ ê°ë™ ì´ì—ˆìŠµë‹ˆë‹¤^~ ì´ë ‡ê²Œ ê¹Œì§€ í•˜ëŠ” ë³‘ì›ì€ ì²˜ìŒì´ì—ˆ
ìŠµë‹ˆë‹¤!! ê°ì‚¬í•©ë‹ˆë‹¤!!!!!  ê·¸ëŸ°ë° ì¡°ê¸ˆ ì•„ì‰¬ìš´ì ì€ ê³„ì‚°í• ë•Œì˜  ì›ë¬´ê³¼ë¼ê³  í• ìˆ˜ìžˆëŠ” ì ‘ìˆ˜ì²˜ì— ê·¼ë¬´í•˜ì‹œëŠ” ë¶„ë“¤ì€ ë§Žì´ ì§€ì¹˜ì…¨ëŠ”ì§€ ì¡°ê¸ˆ ê·€ìŸŽì€ ..."
401,ì¹œì ˆí•˜ì‹­ë‹ˆë‹¤:)
402,"ì„¸ì‹¬í•˜ê³  ì¹œì ˆí•˜ì‹  ì§„ë£Œì— ê°ì‚¬ë“œë¦½ë‹ˆë‹¤.
ì•žìœ¼ë¡œëŠ” ì—°ì„¸ê³ ìš´ë¯¸ì†Œì¹˜ê³¼ì—ì„œ ì •ê¸°ì ìœ¼ë¡œ ê²€ì§„ë°›ì„ê»˜ìš”.^^"
403,ì˜ˆì•½ëœ ì‹œê°„ì— ë°”ë¡œ ì§„ë¡œ. ì¹˜ë£Œê³¼ì •ì— ëŒ€í•œ ìžì„¸í•œ ì„¤ëª…ì´ ì¢‹ì•˜ìŒ
404,ë‚´ë…„ì— ë˜ ì°¾ì•„ëµê²Œìš”
405,"ì—¬ê¸°ì„œ êµì •í–ˆëŠ”ë°, ê¼¼ê¼¼í•˜ê²Œ ìž˜í•´ì£¼ì‹­ë‹ˆë‹¤:)ðŸ‘"
406,ì„ ìƒë‹˜ë“¤ë„ ì¹œì ˆí•˜ì‹œê³  ì¢‹ì•„ìš”~~!!
407,í‰ì¼ ì•¼ê·¼ í›„ì—ë„ ë°©ë¬¸ì´ ê°€ëŠ¥í•´ì„œ ë„ˆë¬´ ì¢‹ì•„ìš”~â™¥
408,í•­ìƒì¹œì •í•˜ì‹œê³  ì¢‹ì•„ìš”
409,10ë…„ì „ ìµœì›ìž¥ë‹˜ê»˜ ì„¤ì¸¡êµì • ë°›ì€ ì´í›„ ì •ê¸°ê²€ì§„ ë° ì¹˜ë£Œë¡œ ê³„ì† ë‚´ì›í•˜ê³  ìžˆìŠµë‹ˆë‹¤. 10ë…„ ë‚´ë‚´ ì›ìž¥ë‹˜ ë° ì§ì›ëª¨ë“ ë¶„ë“¤ì´ í•­ìƒ ì¹œì ˆí•˜ì‹œê³  í™˜ìžìž…ìž¥ì—ì„œ ìƒê°í•´ì£¼ë ¤ê³  í•˜ëŠ” ë§ˆìŒì´ ëŠê»´ì§‘ë‹ˆë‹¤. ëŠ˜ ìžì‹ ìžˆê²Œ ì£¼ë³€ì— ì†Œê°œí•˜ê³  ìžˆì–´ìš”!!  
410,ë„ˆë¬´ë„ˆë¬´ ì¹œì ˆí•˜ì‹œê³  ì‹¤ë ¥ë„ ì¢‹ìœ¼ì„¸ìš” ê³¼ìž‰ì§„ë£Œì—†ëŠ” ì ì´ ì ¤ ì¢‹ì•„ìš”~~ë²ˆì°½í•˜ì„¸ìš”
411,ë¯¿ê³  êµì •í•˜ëŸ¬ ê°€ëŠ”ê³³.. 2ë…„ ë°˜ë§Œì— ë“œë””ì–´ êµì •ê¸° í’€ì—ˆìŒ.. ì¹œì ˆì€ ê¸°ë³¸ë² ì´ìŠ¤ìž„ ì—¬ê¸°
412,"ë§ˆì¹¨ë‚´ ì°¾ì€ ì§„ì§œ ì¹˜ê³¼.  ìž‡ëª¸ ì—¼ì¦ì´ ìƒê²¨ì„œ ì°¾ì•„ê°€ ìž‡ëª¸ì¹˜ë£Œ ìš”ì²­í•´ë„ ì¹˜ì€ì—¼ì¡°ì°¨ ì•„ë‹ˆë¼ê³  ì¹˜ë£Œ ì•ˆí•´ì£¼ê³ ì„  ì¹˜ì•„ê°€ í”ë“¤ë¦´ë•Œ ê¹Œì§€ ê¸°ë‹¤ë ¤ì„œ ìž„í”Œëž€
íŠ¸ í•˜ë¼ê³  í–ˆë˜ ë‹¤ì„¯êµ°ë° ì¹˜ê³¼ë¥¼ ì§€ë‚˜ ì¢…ë¡œê³ ìš´ë¯¸ì†Œì¹˜ê³¼ì—ì„œ ë§ˆì¹¨ë‚´ ì œëŒ€ë¡œ ìž‡ëª¸ì¹˜ë£Œ ë°›ê³  í”ë“¤ë¦¼ë„ ì‚¬ë¼ì¡Œì–´ìš”. êµ¬ê°•ê´€ë¦¬ í”„ë¡œê·¸ëž¨ë„ ë„˜ ì¢‹ê³ , ì¹˜ì•„
ë¥¼ ë³´ì¡´í•˜ë©´ì„œ ìž˜ ì‚¬ìš©í•˜ë„ë¡ ì„¸ì‹¬í•˜ê²Œ ì¹˜ë£Œí•´ì£¼ì‹œëŠ” ì ë„ ì •ë§ ì¢‹ìŠµë‹ˆë‹¤. ë‹¤ë¥¸ê³³ì€ ë¬´ì¡°ê±´ ë‹¤ì‹œ ì”Œì›Œë¼ ì‹ ê²½ì¹˜ë£Œí•´ë¼ ê¶Œí•˜ë˜ë° ê·¸ëŸ°ì¼ì´ 1ë„ ..."
413,ì¹œì ˆí•©ë‹ˆë‹¤
414,09ë…„ì— êµì • ë§ˆì¹œí›„ ê°„ê°„ížˆ ìž¥ì¹˜ ì ê²€ê²¸ ë“¤ë¦¬ê³ ìžˆìŠµë‹ˆë‹¤. ëŠ˜ í•œê²°ê°™ì€ ì¹œì ˆí•¨~ ë§˜íŽ¸ížˆ ì§„ë£Œë°›ê³  ê°‘ë‹ˆë‹¤!^^
415,êµì •ì›ìž¥ë‹˜ì´ ì „ë¬¸ì ìœ¼ë¡œ ì§„ë£Œë´ì£¼ì‹œê³  ì¹˜ìœ„ìƒì‚¬ ë¶„ë“¤ë„ ì¹œì ˆí•˜ì„¸ìš”
416,ì™„ì „ ì¹œì ˆí•˜ê³  ì˜ˆì˜ì‹œê³  ì„ ìƒë‹˜ ì¹œì ˆí•˜ì„¸ìš”
417,ì¹œì ˆí•˜ì„¸ìš”:)
418,ì—„ì²­ ì¹œì ˆí•´ìš”
419,"ì¹œì ˆí•˜ì‹œê³  ì‹¤ë ¥ë„ ìš°ìˆ˜í•˜ê³  ,ëŠ˜ ë§Œì¡±í•©ë‹ˆë‹¤~!!!"
420,êµì • ì¤‘ì´ì—ìš”~ ì›ìž¥ë‹˜ê³¼ ì§ì›ë¶„ë“¤ í•­ìƒ ë¬´ì²™ ì¹œì ˆí•˜ì„¸ìš”~^^ êµì • ì¹˜ê³¼ ê³ ë¯¼ì¤‘ì´ì‹œë©´ ì¶”ì²œí•©ë‹ˆë‹¤~
421,ì¹œì ˆí•˜ì‹œê³  ì‹¤ë ¥ë„ ìš°ìˆ˜í•˜ì„¸ìš”. 15ë…„ ê°€ê¹Œì´ ë‹¤ë‹ˆê³  ìžˆìŠµë‹ˆë‹¤
422,10ë…„ì§¸ ë°©ë¬¸ì¤‘ì¸ ì¹˜ê³¼ìž…ë‹ˆë‹¤ êµì •ìƒ˜ì´ íŠ¹ížˆ ìž˜ ë´ì£¼ì‹œê³  ì¹œì ˆí•´ìš”~
423,êµì •ì„ ìƒë‹˜ ì‹ ë¢°ë„ ìµœê³ ì—ìš” ì •ë§ í”„ë¡œíŽ˜ì…”ë„í•˜ì‹œê³  ì—¬ê¸° ìœ„ìƒì‚¬ë¶„ë“¤ì€ ë‹¤ë¥¸ ì¹˜ê³¼í•˜ê³  ê¸‰ì´ ë‹¬ë¼ìš” ì—„ì²­ ì „ë¬¸ì ì´ì„¸ìš”
424,"ì§‘ì—ì„œ ë©€ì§€ë§Œ ì¹˜ê³¼ëŠ” í•­ìƒ ì—¬ê¸°ë¡œë§Œ ì™€ìš”
ë‹¤ë“¤ ë„ˆë¬´ ì¹œì ˆí•˜ì‹œê³  íŠ¹ížˆ ìµœë‚™ì²œì›ìž¥ë‹˜ ë„˜ ì¢‹ìœ¼ì„¸ìš” ã…  ê³¼ìž‰ì§„ë£Œ ì—†ëŠ”ì ì´ ì ¤ ì¢‹ì•„ìš”"
425,êµì • ì¤‘ì´ë¼ ë§¤ë‹¬ ê°€ê³ ìžˆëŠ”ë° ì§ì›ë¶„ë“¤ì´ëž‘ ì›ìž¥ë‹˜ ë‹¤ ë„ˆë¬´ ì¹œì ˆí•˜ì…”ì„œ ì¢‹ì•„ìš”!:)
426,ì¹œì ˆí•˜ê³  ê³¼ìž‰ì§„ë£Œ ì—†ì–´ ê¾¸ì¤€ížˆ ì´ìš©í•˜ê³  ìžˆìŠµë‹ˆë‹¤
427,ìŠ¤ì¼€ì¼ë§ ìž˜ë°›ê³  ê°‘ë‹ˆë‹¤ ì•ˆì•„í”„ê³  ê¹¨ë—í•˜ê²Œ í•´ì£¼ì…”ì„œ ê°ì‚¬í•´ìš”â™¡
428,ìŠ¤ì¼€ì¼ë§ë°›ì•˜ëŠ”ë° ë„ˆë¬´ì‹œì›í•´ìš” ëŒ€ë§Œì¡± ã…‹ã…‹ ì¹«ì†”ë„ì„ ë¬¼ë¡œì£¼ì‹œê³  ê°ì‚¬í•´ìš”
429,ëŠ˜ ë§Œì¡±í•©ë‹ˆë‹¤
430,10ë…„ ì •ë„ ê³„ì† ë‹¤ë‹ˆëŠ”ë° ì¹œì ˆí•˜ê³  ì¢‹ì•„ìš”. íŠ¹ížˆ êµì • ì›ìž¥ë‹˜ì´ ì•ˆ ë°”ë€Œì–´ì„œ ì•ˆì •ì ìž…ë‹ˆë‹¤.
431,ë³‘ì›ì´ ë„“ê³  ê¹¨ë—í•´ì„œ ì¢‹ìŠµë‹ˆë‹¤.
432,ì¢‹ì–´ìš”ìš”ìš”ìš”ìš”ìš©ã……ìš©
433,ì¹œì ˆí•©ë‹ˆë‹¤:)
434,ì›ìž¥ë‹˜ê³¼ ê°„í˜¸ì‚¬ì„ ìƒë‹˜ ëª¨ë‘ ì¹œì ˆí•˜ì‹œê³  ì¢‹ì•„ìš”
435,ì°¬ì ˆí•œ ì„¤ëª… ì¢‹ì•„ìš”~
436,ì¹˜í†µë•Œë¬¸ì— ë°©ë¬¸í–ˆëŠ”ë° ìžì„¸í•œ í†µì¦ì›ì¸ ì„¤ëª…ê³¼ í•¨ê»˜ í–¥í›„ ì§„ë£Œê³„íšë„ ìƒì„¸ížˆ ì•Œë ¤ì£¼ì…”ì„œ ì¢‹ì•˜ìŠµë‹ˆë‹¤. ì„¤ëª…ì´ ì´í•´ê°€ ìž˜ ë˜ì—ˆìŠµë‹ˆë‹¤. ìŠ¤ì¼ˆë§ë„ íŽ¸í•˜ê²Œ ìž˜ ë°›ì•˜ìŠµë‹ˆë‹¤. ì¹œì ˆí•˜ì‹œê³  ì‹¤ë ¥ë„ ì¢‹ì€ê³³ ê°™ì•„ì„œ ë¯¿ìŒì´ê°‘ë‹ˆë‹¤.
437,"ì˜ˆì•½í•˜ë©´ ê¸°ë‹¤ë¦¬ì§€ ì•Šê³ , í•­ìƒ ì¹œì ˆížˆ ì§„ë£Œë´ì£¼ì‹­ë‹ˆë‹¤~ ì˜¤ëŠ˜ êµì • ì‹œìž‘í–ˆëŠ”ë°, ì˜¤ëžœê¸° ê¸´~ ì—¬ì • íž˜ë‚´ë¼ë©´ì„œ ì›ìž¥ë‹˜ì´ ì§ì ‘ ì†íŽ¸ì§€ë¥¼ ì¨ì£¼ì…¨ë„¤ìš”. ê¸°ëŒ€ì¹˜ëª»í•œ ì¼ì´ë¼ ê°ë™í–ˆìŠµë‹ˆë‹¤~~"
438,êµì •í•˜ëŠ” ì¤‘ì´ì—ìš”~ í•­ìƒ ì¹œì ˆí•˜ê³  ì¢‹ìœ¼ì„¸ìš”~!
439,"ìŠ¤ì¼€ì¼ë§ í•˜ë‚˜ë„ ì•ˆì•„íŒŒìš”
ì§±ì§± ì¹œì ˆí•©ë‹ˆë‹¤"
440,ì£¼ì°¨íŽ¸í–ˆê³  ì§„ë£Œ ëŒ€ê¸°ì‹œê°„ì´ ê¸¸ì§€ì•Šì•„ìš”.
441,"í•­ìƒì¹œì ˆí•˜ê³  ê¼¼ê¼¼í•˜ê²Œ ì¹˜ë£Œí•´ì£¼ì‹œê³  ,ì§‘ì—ì„œ ë©€ì–´ë„ ì•ˆì‹¬í•˜ê³ ë‹¤ë…€ìš”,ê°ˆë•Œë§ˆë‹¤ ë§Œì¡±^^
ê°ì‚¬í•©ë‹ˆë‹¤ ! !"
442,êµì • ì¤‘ì¸ë° í•­ìƒ ì–´ë–¤ ìƒíƒœì¸ì§€ ë‹¤ìŒ ì§„ë£Œ ë•ŒëŠ” ë¬´ì—‡ì„ í• ì§€ë¥¼ ì•Œë ¤ì£¼ì…”ì„œ ë§ˆìŒì´ ë†“ì´ëŠ” ê²ƒ ê°™ì•„ìš”. êµì • ê³ í†µì— ëŒ€í•œ ë‘ë ¤ì›€ì´ í°íŽ¸ì´ì—ˆëŠ”ë° ì´ì œëŠ” ì ì  ì¹˜ê³¼ì˜¤ëŠ”ê²Œ ëœ ë¬´ì„œì›Œì§€ê³  ìžˆì–´ìš”. ì—¬ê¸°ì„œ êµì •ì„ ì‹œìž‘í•˜ê¸¸ ìž˜í•œ ê²ƒ ê°™ì•„ìš”! ì›ìž¥ë‹˜ ê°ì‚¬í•©ë‹ˆë‹¤
443,"1ë…„ì§¸ êµì •ì¹˜ë£Œë°›ê³ ìžˆì–´ìš”! ê°œë°©êµí•©, ë¶€ì •êµí•©ì´ì—¬ì„œ ë©´ë„ ëª» ëŠì–´ë¨¹ì—ˆëŠ”ë° ë§Žì´ êµì •ë˜ì–´ì„œ ê°œë°©êµí•©ì€ ê±°ì˜ ë‹«í˜”ì–´ìš”! ì›ìž¥ë‹˜ì´ ë‹¤ ë´ì£¼ì…”ì„œ ë¯¿ê³  ë§¡ê¸¸ ìˆ˜ ìžˆê³  ì¹˜ìœ„ìƒì‚¬ìŒ¤ë“¤ë„ ë‹¤ ë„ˆë¬´ ì¹œì ˆí•˜ì…”ì„œ ì¢‹ìŠµë‹ˆë‹¤ðŸ’•ðŸ’•"
444,êµì •ì§„ë£Œ ë•Œë¬¸ì— ë‹¤ë‹ˆëŠ”ë° ë‹¤ë“¤ ì¹œì ˆí•˜ì…”ì„œ ì¢‹ì•„ìš”~
445,ì¢‹ì•„ìš”
446,ì¹˜ê³¼ ì‹œì„¤ë„ ì¢‹ê³  ì˜ì‚¬ìƒ˜ í¬í•¨í•´ì„œ ì§ì›ë¶„ë“¤ ëª¨ë‘ ì¹œì ˆí•˜ê³   íŽ¸í•˜ê²Œ ì§„ë£Œí•´ ì£¼ì‹­ë‹ˆë‹¤ êµì •ì¹˜ë£Œ ë°›ê³  ìžˆëŠ”ë° ê¼¼ê¼¼í•˜ê³  ì„¸ì‹¬í•˜ê²Œ ìž˜ í•´ì£¼ì…”ì„œ êµì •ëë‚œ í›„ê°€ ê¸°ëŒ€ë©ë‹ˆë‹¤ ë³‘ì›ìœ„ì¹˜ê°€ ì¢…ë¡œ1ê°€ë¼ì„œ êµí†µë„ ë¬´ì§€ íŽ¸í•´ìš”~~^^
447,"ì¹œêµ¬ ì¶”ì²œìœ¼ë¡œ ë³‘ì› ì†Œê°œ ë°›ê³  êµì • ë•Œë¬¸ì— ê³„ì† ë‹¤ë‹ˆê³  ìžˆëŠ”ë° ì›ìž¥ë‹˜, ì¹˜ìœ„ìƒì‚¬ë¶„ë“¤ í•­ìƒ ë‹¤ ì¹œì ˆí•˜ì„¸ìš”! ì§„ë£Œë„ ìž˜ ë´ì£¼ì‹­ë‹ˆë‹¹ðŸ˜€ðŸ˜€"
448,ì¢‹ì•„ìš”
449,êµì •ì¤‘ì´ì—ìš” ì¹œì ˆí•˜ê³  ì¢‹ì•„ìš” ~
450,ê¼¼ê¼¼í•˜ê²Œ ìž˜ë´ì£¼ì„¸ìš”~
451,"ì¹˜ê³¼ì™€ ì¸ì—°ì„ ë§ºì€ì§€ 6ë…„ì§¸ìž…ë‹ˆë‹¤... .ì¹˜ê³¼ê°€ê¸° ë‘ë ¤ì›Œì„œ ê°ˆê¹Œë§ê¹Œ í•˜ì‹œëŠ”ë¶„ì€ .. ê±±ì •ì€ ì •~ë§  ì‚¬ì¹˜ì¼ë¿.. ë„¤ì´ë²„ë¡œ ì–¼ë¥¸ ì˜ˆì•½í•˜ì‹œê³  í•˜ë£¨ ë¹¨ë¦¬ ë°©ë¬¸
í•˜ì„¸ìš”!  ì €ëŠ” ì¹˜ê³¼ê°€ê¸° ë¬´ì„­ë‹¤í•˜ì‹œëŠ”ë¶„ë“¤ê»˜ ì œê°€ ë‹¤ë‹ˆëŠ” ì¹˜ê³¼ ì†Œê°œí•´ì„œ ê·¸ë¶„ë“¤ ì—„ì²­ ë§Œì¡±í•˜ì‹œë©° ë‹¤ë‹ˆê³  ìžˆì–´ìš”^^ í•­ìƒê°ˆë•Œë§ˆë‹¤  ì˜ì‚¬ì„ ìƒë‹˜ë„ ì¹œì ˆí•˜
ì‹œê³ . ë°ìŠ¤í¬ ì§ì›.. ê°„í˜¸ì‚¬ì„ ìƒë‹˜ë“¤ê¹Œì§€ ë„ˆë¬´ë„ ì¹œì ˆí•˜ì…”ì„œ ì¡°ê¸ˆë§Œ ì•„í”„ê±°ë‚˜ ì´ìƒí•´ë„ ë°”ë¡œ ì¹˜ê³¼ë¥¼ ê°€ê²Œ ë˜ì—ˆë‹µë‹ˆë‹¤.. ìµœê·¼ì— ë” ìžì£¼ê°”ì—‡ëŠ”ë°..."
452,í•­ìƒ ì¹œì ˆí•´ìš”
453,ã†
454,"ì¹œì ˆí•˜ê³ , ì¢‹ì•„ìš”"
455,ì¹œì ˆí•˜ê²Œ ìƒë‹´í•´ì£¼ì…”ì„œ ë„ˆë¬´ì¢‹ì•˜ìŠµë‹ˆë‹¤
456,ì§„ë£Œìƒë‹´ ë“± ì¹œì ˆí•´ìš”
457,ì¡°ì•„ìš”ì˜¹
458,ì¹œì ˆí•˜ê³  ì¢‹ì•„ìš”~
459,"ì¹œì ˆí•˜ê²Œ, ê¼¼ê¼¼í•˜ê²Œ ì„¤ëª…ë„! ì¹˜ë£Œë„~^^"
460,êµ¿~ ì¹œì ˆ ê¹”ë”~
461,ì„¤ëª…ì´ ì¹œì ˆí•˜ê³  ê³¼ìž‰ì§„ë£Œ ì—†ëŠ” ëŠë‚Œ. 
462,ì§„ì ˆí•˜ì‹œêµ¬  ì§„ë£Œë„ì¢‹ì•„ìš”
463,ê·¯
464,êµ¿~~~
465,ì¢‹ì•„ìš”
466,ê¼¼ê¼¼í•œ ìŠ¤ì¼ˆë§ .  ìƒë‹´  ê°ì‚¬ë“œë ¤ìš”^^
467,í•­ìƒ ì¹œì ˆí•˜ì‹œê³  ê³¼ìž‰ì§„ë£Œ ì—†ì–´ì„œ ì§‘ì—ì„œ ë©€ì–´ë„ ì•ˆì‹¬í•˜ê³  ë‹¤ë…€ìš”. íŠ¹ížˆ êµì • ì›ìž¥ë‹˜ ìµœê³ ì—ìš”~ ëˆ„ê°€ êµì •í•œë‹¤ê³ í•˜ë©´ ë¬´ì¡°ê±´ ì¶”ì²œí• ê±°ì—ìš”. 
468,"ì„¤ëª…ì„ ì¹œì ˆížˆ ìž˜í•´ì£¼ì…”ì„œ 
ê°ˆë•Œë§ˆë‹¤ ë§Œì¡±"
469,ì¾Œì í•´ìš”~
470,"ì •ë§ ì¹œì ˆí•˜ê³ 
ì§„ë£Œë„ ì•„í”„ì§€ì•Šê³  ì¢‹ì•˜ìŠµë‹ˆë‹¤~!"
471,ì¢‹ì•„ìš” 
472,í•­ìƒ ê°ì‚¬í•©ë‹ˆë‹¤
473,ì—„ì²­ ì¹œì ˆí•¨ë‹ˆë‹¤~
474,êµ³
475,í•­ìƒ ì¹œì ˆí•˜ê²Œ ì¹˜ë£Œ ìž˜ í•´ì£¼ì…”ì„œ ê°ì‚¬í•©ë‹ˆë‹¤
476,ì¹œì ˆí•˜ì‹œê³  ì¢‹ì•˜ì–´ìš©
477,ì¹œì ˆí•˜ì„¸ìš”. ê°ì‚¬í•©ë‹ˆë‹¤.
478,êµì • ì¶”ì²œí•©ë‹ˆë‹¤~
479,ì˜¤ëžœë§Œì— ê°”ëŠ”ë° ë„ˆë¬´ ì¹œì ˆí•˜ì…”ì„œ ì¢‹ë„¤ìš” ^^
480,ì¹œì ˆí–ˆì–´ìš”
481,í•­ìƒ ì¹œì ˆì¹œì ˆí•˜ì‹œê³   ì„¤ëª…ì„ ìž˜ í•´ì£¼ì…”ì„œ ê°ì‚¬í•©ë‹ˆë‹¤.
482,"êµì •  ì¤‘ìž…ë‹ˆë‹¤~
í•­ìƒ ì¹œì ˆí•˜ì„¸ìš”~^^"
483,ì¼ë‹¨ ìœ„ì¹˜ê°€ ì¢‹ê³   ê¹¨ë—í•˜ê³  ì¾Œì í–ˆì–´ìš”...ê°„í˜¸ì‚¬ë‹˜ ì„ ìƒë‹˜ë„ ì„¤ëª…ë„ìž˜í•´ì£¼ì‹œê³  ì¢‹ì•˜ìŠµë‹ˆë‹¤^^
484,ì›ìž¥ë‹˜ë„ ê°„í˜¸ì‚¬ë‹˜ë„ ëª¨ë‘ ì¹œì ˆí–ˆì–´ìš”
485,ê°„í˜¸ì‚¬ë¶„ë“¤ë„ ì¹œì ˆí•˜ê³  ì¢‹ì•„ìš”
486,ì¹œì ˆí•˜ê²Œ ì§„ë£Œ ìž˜ ë°›ê³  ì™“ìŠµë‹ˆë‹¤.
487,"êµì •ì¤‘ì´ì—ìš”~
ì˜ì‚¬ìƒ˜,ì¹˜ìœ„ìƒì‚¬ìƒ˜ ëª¨ë‘ ë§¤ìš° ì¹œì ˆí•˜ì‹œê³ 
ì ì  ë³€í•´ê°€ëŠ” ëª¨ìŠµì´ ë§Œì¡±ìŠ¤ëŸ½ìŠµë‹ˆë‹¤~"
488,ì¹œì ˆí•´ìš”
489,ì„ ìƒë‹˜ì´ ì¹œì ˆí•˜ê³  ì¢‹ì•„ìš”!
490,ì¹œì ˆí•©ë‹ˆë‹¤
491,ì¹œì ˆí•´ìš”!
492,ì¹œì ˆí•˜ê³  ì¹˜ë£Œì— ëŒ€í•œ ì„¤ëª…ë„ ìž˜í•´ì£¼ì…¨ì–´ìš”~ bb
493,êµì • ì¤‘ìž…ë‹ˆë‹¤. ì¹œì ˆí•˜ì…”ì„œ ì¢‹ì•„ìš”~
494,í•­ìƒ ì¹œì ˆí•˜ì„¸ìš”~
495,ì„¤ëª…ë„ ì¶©ë¶„ížˆ ë“¤ì„ ìˆ˜ ìžˆê³  ì¹œì ˆí•˜êµ¬ ì‹œì„¤ë„ ê¹¨ë—í•´ì„œ ì¢‹ì•„ìš”. íŠ¹ížˆ ë¹„ìš©ë¶€ë¶„ì—ì„œ ì¶©ë¶„í•œ ì„¤ëª… ê°ì‚¬í•©ë‹ˆë‹¤!
496,"ì¸í„°ë„· ì˜ˆì•½ì´ íŽ¸í•˜ê³  ì „í™” ì‹œ ë°”ë¡œ ì‘ëŒ€ ì—­ì‹œ ì¢‹ì•˜ìŠµë‹ˆë‹¤. ì „ì²´ì ìœ¼ë¡œ ì¹œì ˆí•˜ê³  ì„¤ëª…ë„ ìžì„¸ížˆ í•´ ì£¼ì—ˆëŠ”ë°, í•œ ê°€ì§€ ì•„ì‰¬ìš´ ê²ƒì€ ìž‡ëª¸ì´ ì•„íŒŒì„œ ê°”ëŠ”
ë° ìž‡ëª¸ ì¹˜ë£ŒëŠ” ë³„ë„ë¡œ ì—†ì´ ìš”ì²­ì— ì˜í•´ ì•½ë§Œ ì²˜ë°©í•´ ì£¼ì—ˆê³ , ìž‡ëª¸ ì¹˜ë£Œ ì‚¬ì „ ìž‘ì—…ìœ¼ë¡œ ìŠ¤ì¼€ì¼ë§ë§Œ í•˜ê³  ìž‡ëª¸ ì¹˜ë£Œ ì¼ì •ì€ ë‹¤ì‹œ ìž¡ì•˜ìŠµë‹ˆë‹¤. ì‚¬ì „ ìž‘ì—…
ì˜ ì—°ê´€ì„±ì„ ì¢€ ë” ì„¤ëª…í•˜ë©´ ì¢‹ì•˜ì„ ê²ƒì„ í•˜ëŠ” ìƒê°ìž…ë‹ˆë‹¤. ë¬¼ë¡  í¬ê²Œ ì¤‘ìš”í•˜ì§€ ì•Šë‹¤ëŠ” ìƒê°ì— í˜„ìž¥ì—ì„œ ì§ˆë¬¸í•˜ì§€ ì•Šì€ ì €ì˜ ë¬¸ì œê² ì§€ìš”. í•˜ì§€ë§Œ ..."
497,êµì •ìœ¼ë¡œ ì‹œìž‘í•´ì„œ 2ë…„ ë„˜ê²Œ ë‹¤ë‹ˆê³  ìžˆëŠ”ë° ë°ìŠ¤í¬ë¶€í„° ì§„ë£Œì‹¤ê¹Œì§€ ë‹¤ë“¤ ì¹œì ˆí•˜ì…”ì„œ ë³‘ì›ì´ ë¬´ì„­ì§€ ì•ŠìŠµë‹ˆë‹¤! êµì •ê³¼ ë§ê³  ì¼ë°˜ê³¼ ì§„ë£Œë„ ê³ ìš´ë¯¸ì†Œì—ì„œë§Œ ë°›ê²Œ í•˜ëŠ” ë§ˆë²•âœ¨
498,"ì–´ë””ê°€ ì–´ë–»ê²Œ ì™œ ì•„í”ˆì§€ ìž˜ì•Œë ¤ì£¼ì‹œê³  ì¹˜ë£Œë°©í–¥ë„ ìž˜ ìž¡ì•„ì£¼ì…”ì„œ ì¢‹ì•˜ì–´ìš”!! ë°ìŠ¤í¬ì— ê³„ì‹  ì„ ìƒë‹˜ë¶€í„° ë§ˆì§€ë§‰ ê¹Œì§€ ì¹œì ˆí•´ì„œ ê¸°ë¶„ì¢‹ê²Œ ë‹¤ë…€ì™”ìŠµë‹ˆë‹¤
~"
499,ì„¤ëª…ë„ ìž˜í•´ì£¼ì‹œê³  ì¹œì ˆí•˜ì…”ì„œ ë‹¤ìŒì—ëŠ” ëœ ê¸´ìž¥í•˜ê³  ê°ˆê²ƒê°™ìŠµë‹ˆë‹¤.
500,ì–‘ì‹¬ì ì´ê³  ì¹œì ˆí•˜ì‹œêµ¬  ì¹˜ë£Œë„ ë§Œì¡±í•´ìš”!
501,"êµì •ì¤‘ìž…ë‹ˆë‹¤~ ì„ ìƒë‹˜,ì¹˜ìœ„ìƒì‚¬ë‹˜,ê°„í˜¸ì‚¬ë¶„ë“¤ ëª¨ë‘ì¹œì ˆí•˜ê³  ì¢‹ì•„ìš”~ êµì • ì¶”ì²œí•´ìš”~"
502,ìŠ¤ì¼€ì¼ë§í–ˆëŠ”ë° ì—„ì²­ ì‹œì›í•˜ë„¤ìš”. ê°œìš´í•´ìš”. ë˜ ì˜¬ê²Œìš”ã…‹ã…‹
503,ë˜ê²Œ ì¹œì ˆí•˜ê³  ì‹ ë¢°ê°€ê°€ëŠ” ì¹˜ê³¼ì˜€ìŠµë‹ˆë‹¤ ê°•ì¶”!
504,ë°©ë¬¸í•  ë•Œë§ˆë‹¤ ì¹œì ˆí•˜ê³  ë˜ ê³¼ìž‰ì§„ë£Œê°€ ì—†ì–´ ë§¤ìš°ë§Œì¡±ìž…ë‹ˆë‹¤!
505,ì¢‹ìŠµë‹ˆë‹¤. ì¹œì ˆí•˜ê³ . ìƒë‹´ë„ ìž˜í•´ì£¼ì‹œê³ . ì •ê¸°ê²€ì§„ìœ¼ë¡œ ì• ìš©í•  ìƒê°í•©ë‹ˆë‹¤^^
506,ì›ìž¥ë‹˜ ì„ ìƒë‹˜ë“¤ ëª¨ë‘ ì¹œì ˆí•˜ì‹œê³  ì¹˜ë£Œì— ë§Œì¡±í•˜ê³  ê°‘ë‹ˆë‹¤. ì •ê¸°ê²€ì§„ ë•Œ  ëµ™ê² ìŠµë‹ˆë‹¤~
507,ìŠ¤ì¼ˆë§ ë°›ì•˜ì–´ìš”!! ì¹˜ì‹¤ë„ í•´ì£¼ì‹œê³  ë„ˆë¬´ ê°œìš´í–ˆì–´ìš© ã…Žã…Ž ëë‚˜ê³  ì¹«ì†”ë„ ë°›ì•˜ì–´ìš”!!! ì €ë„ ë°‘ì—ë¶„ì²˜ëŸ¼ ì¸ì¦ë‚¨ê²¨ìš” ã…Žã…Žì˜ˆì „ì—ë„ ì—¬ê¸°ì„œ êµ¬ë§¤í•´ì„œ ì¨ë³¸ ì¹«ì†”ì¸ë° ì§„ì§œ ì¢‹ì•„ìš” ðŸ‘
508,"ì •ê¸°ì ìœ¼ë¡œ ìŠ¤ì¼ˆë§ë°›ê³ ìžˆì–´ìš”~
ì¹«ì†”ë„ì£¼ì‹œê³ 
ì§ì›ë¶„ë“¤í•­ìƒì¹œì ˆí•˜ì„¸ìš”!"
509,ì¸í¬ê°€ ë„ˆë¬´ ë¶ˆì¹œì ˆí•¨
510,ì¹œì ˆí•˜ê³  ì¢‹ì•„ìš”!
511,êµ¿
512,ê°„í˜¸ì‚¬ ì›ìž¥ë‹˜ ëª¨ë‘ ì¹œì ˆí•œ ì„œë¹„ìŠ¤ ê°ë™ìž…ë‹ˆë‹¤
513,ì„¸ë²ˆì§¸ ë°©ë¬¸ì¸ë° ë‚´ë¶€ ì¸í…Œë¦¬ì–´ê°€ ë°”ë€Œê³  ë” ê¹”ë”í•´ì¡Œë”ë¼êµ¬ìš”~ ì„ ìƒë‹˜ë“¤ë„ ì¹œì ˆí•˜ì‹œê³  ì§„ë£Œ ìž˜ ë°›ê³  ê°‘ë‹ˆë‹¤ !!
514,"êµì •ì™„ë£Œí•˜ê³  ì •ê¸°ê²€ì§„ë°›ê³ ìžˆëŠ”ë° ì›ìž¥ë‹˜ì´ í•­ìƒ ì¹œì ˆí•˜ì„¸ìš”~
ë„¤ì´ë²„ë¡œ ì˜ˆì•½ë„ ë˜ê³  ìš”ì¦˜ì—ëŠ” ë„ˆë¬´ íŽ¸ë¦¬í•˜ë„¤ìš”~~"
515,êµ¿
516,ì¹œì ˆí•˜ì…”ì„œ ì¢‹ì•˜ì–´ìš”!
517,êµì •ìƒë‹´ë°›ê³  ì‚¬ëž‘ë‹ˆë„ ë½‘ì•˜ëŠ”ë° ì›ìž¥ë‹˜ì´ëž‘ ì˜†ì— ì„¤ëª…í•´ì£¼ë˜ ë‹¨ë°œë¨¸ë¦¬ì–¸ë‹ˆ ë„ˆë¬´ ì¹œì ˆí•˜ì‹œë„¤ìš”ðŸ¥° ì‚¬ëž‘ë‹ˆ 3ê°œ ë‚¨ì•„ìžˆìœ¼ë‹ˆê¹Œ ë˜ ì˜ˆì•½í•˜ê³  ì˜¤ê² ìŠµë‹ˆë‹¤
518,ì‹œì„¤ë„ ì¢‹ê³  ë§¤ë²ˆ ì¹œì ˆí•˜ì‹œê³  ê¼¼ê¼¼í•œ ê´€ë¦¬~~ í•­ìƒ ê°ì‚¬í•©ë‹ˆë‹¤~
519,ìŠ¤ì¼€ì¼ë§ ë°›ì•˜ëŠ”ë° ì™„ì „ ì‹œì›í–ˆì–´ìš”. ëë‚˜ê³ ë‚˜ì„œ ì¹˜ì‹¤ë„ í•´ì¤˜ì„œ ì¢‹ì•˜ì–´ìš”. ë‚´ë…„ì—ë„ ë°›ìœ¼ëŸ¬ì˜¬ê²Œìš”
520,ì›ëž˜ë‹¤ë‹ˆë˜ íšŒì‚¬ê·¼ì²˜ ìŠ¤ì¼ˆë§í• ë ¤ê³  í–ˆëŠ”ë° í•œë‹¬ì„ ê¸°ë‹¤ë ¤ì•¼ í•´ì„œ ë°”ë¡œ ì˜ˆì•½ê°€ëŠ¥í•œ ë³‘ì›ì°¾ë‹¤ê°€ ì™”ëŠ”ë° 10ë¶„ì •ë„ëŠ” ê¸°ë‹¤ë ¸ì§€ë§Œ ìŠ¤ì¼ˆë§ ë°›ì•„ì„œ ì¢‹ì•„ìš”!! ê·¼ë° í• ë¡œìœˆì´ë¼ê³  ì‚¬íƒ•ë„ ë°›ê³ ã…‹ã…‹ã…‹ã…‹ ì–‘ì¹˜ ìž˜í•˜ë¼ê³  ì—ì–´íŒŸì¹˜ì‹¤ë„ ë°›ì•˜ì–´ìš” ê°ìª½ê°™ë„¤ìš”ã…‹ã…‹ã…‹ã…‹ã…‹
521,êµ¿
522,êµ¿
523,ì¹œì ˆí•˜ê³  ì˜ˆì•½ì‹œê°„ì— ë”± ë§žì¶°ì§„ë£Œí•´ì£¼ì…”ì„œ ì—…ë¬´ì—ë„ ì§€ìž¥ì—†ì—ˆì–´ìš©
524,êµ¿
525,ìŠ¤ì¼€ì¼ë§ ë°›ì•˜ëŠ”ë° ë˜ê²Œ ê¼¼ê¼¼ížˆ ê°œìš´í•˜ê²Œ ìž˜ í•´ì£¼ì…¨ì–´ìš”. ì„ ìƒë‹˜ë“¤ ì›ìž¥ë‹˜ ë‹¤ ì¹œì ˆí•˜ì‹œê³  í™˜ìž í•œëª… í•œëª… ì„¸ì‹¬í•˜ê²Œ ì‹ ê²½ì¨ì£¼ëŠ” ëŠë‚Œì„ ë°›ì•˜ìŠµë‹ˆë‹¤. ì§ìž¥ ê·¼ì²˜ë¼ ì•Œì•„ë³´ì§€ë„ ì•Šê³  ê°€ê¹Œìš´ ê³³ìœ¼ë¡œ ë°©ë¬¸í•œê±´ë° ë³‘ì› ìž˜ ì„ íƒí•œ ê²ƒ ê°™ì•„ ë§Œì¡±ìŠ¤ëŸ½ë„¤ìš”.
526,ì¹˜ìœ„ìƒì‚¬ì„ ìƒë‹˜ë„ ì˜ì‚¬ì„ ìƒë‹˜ë„ ì¹œì ˆí•˜ê³  ì¢‹ì•„ìš”. ê¹¨ë—í•˜ê³ ìš”.
527,ì›ëž˜ ë‹¤ë‹ˆë˜ ì¹˜ê³¼ê°€ ë¶ˆì¹œì ˆí•´ì„œ íšŒì‚¬ ê·¼ì²˜ í‰ ì¢‹ì€ë° ì°¾ì•„ë´ì„œ ê°”ì–´ìš”. ê°„í˜¸ì‚¬ë¶„ë“¤ì´ ì¹œì ˆí•˜ì…”ì„œ ì¢‹ì•˜ì–´ìš”. ì„¤ëª…ë„ ìž˜í•´ì£¼ì‹œê³  ë¶ˆíŽ¸í•œ ê±´ ì—†ëŠ”ì§€ ì‹ ê²½ì¨ì£¼ì…”ì„œ ë§ˆìŒ íŽ¸ížˆ ì§„ë£Œ ë°›ê³  ì™”ë„¤ìš” ã…Žã…Ž
528,êµ¿
529,ê·¸ëƒ¥í‰ë²”í•œë””
530,ì•„ì´ì˜ëˆˆë†’ì´ì—ë§žê²Œ ì¹˜ë£Œí•´ì£¼ì…¨ì–´ìš” ì•„ì´ê°€ ê²ì•ˆë¨¹ê³  ì œëŒ€ë¡œ ì§„ë£Œë°›ê³  ë‚˜ì™“ë„¤ìš” ê°ì‚¬í•©ë‹ˆë‹¤!!
531,"ìµœëŒ€í•œ ë‚˜ì˜ ì¹˜ì•„ë¥¼ ì‚´ë¦´ìˆ˜ ìžˆëŠ” ì¹˜ë£Œë¥¼ ë°›ê³  ì‹¶ì–´ ì°¾ì•„ê°„ ê³³ì´ì—ˆëŠ”ë°. ì˜ë£Œì§„ ëª¨ë‘ë“¤ ì¹œì ˆí•˜ì‹œê³  ì„¤ëª…ë„ ìž˜í•´ì£¼ì…¨ì–´ìš”! ëŒ€ê¸°í•˜ê¸° íŽ¸í•œ ì‡¼íŒŒì™€ ì •ëˆëœ 
ë³‘ì›í™˜ê²½.ì‹œìŠ¤í…œí™”ëœ ì§„ë£Œë“¤~~~ë§Œì¡±í•©ë‹ˆë‹¤^^  ì§‘ì—ì„œ ê±°ë¦¬ê°€ ë©€ì–´. ë¶ˆíŽ¸í•˜ì§€ë§Œã…  ê³„ì† ì¹˜ë£Œë°›ê³ ìží•©ë‹ˆë‹¤!"
532,í•­ìƒ ì¢‹ì•„ìš”
533,í•­ìƒ  ì¹œì ˆí•˜ì‹œê³  ìžì„¸ížˆ ì„¤ëª… í•´ ì£¼ì…”ì„œ ê°ì‚¬í•©ë‹ˆë‹¤.
534,ì¹œì ˆí•˜ê³  ì¢‹ì•„ìš”
535,ìƒë‹´í•´ì£¼ì‹œëŠ” ë¶„ì´ ì—„ì²­ ì¹œì ˆí•˜ê³  ìƒì„¸í•˜ê²Œ ìž˜ ì„¤ëª…í•´ì£¼ì‹œê³  ì¹˜ë£Œë„ ìž˜ í•´ì£¼ì‹­ë‹ˆë‹¤! ì €ë²ˆ ë°©ë¬¸ ë•Œë„ ê·¸ë ‡ê³  ë¬´ì—‡ë³´ë‹¤ ê³¼ìž‰ì§„ë£Œ í•˜ì§€ ì•Šì•„ì„œ ì¢‹ì•„ìš”!
536,"êµì • ì™„ë£Œ í›„ 7ë…„ì§¸ ë‹¤ë‹ˆê³  ìžˆì–´ìš”
ì—¬ê¸° êµì •ì›ìž¥ë‹˜ì€ ì„¸ì›”ì´ ë¬´ìƒí•  ì •ë„ë¡œ ëŠ™ì§€ë¥¼ ì•Šìœ¼ì‹œë„¤ìš” ã…‹ã…‹"
537,ì¹œì ˆí•©ë‹ˆë‹¤
538,"ë‹¤ë¥¸ê³³ì—ì„œ ì¹˜ê³¼ë‹¤ë‹ˆë‹¤ê°€ ì˜®ê²¨ì„œ ì •ì°©í–‡ì•„ìš”~  ì¹œì ˆí•˜ì‹œê³  ì²´ì¸ì´ë¼ì„œ ë­”ê°€ ë” ë¯¿ìŒì´ ê°€ëŠ” ëŠë‚Œ ì ì‹¬ì‹œê°„ì—” ëŒ€ê¸°ê°€ ê¸¸ì–´ìš” ë¯¸ë¦¬ ì˜ˆì•½í•˜ê³ ê°€ëŠ”ê²Œì¢‹ì•„
ìš”  ìˆ˜ì¼€ì¼ë§ ë°›ìœ¼ë©´ ê°œìš´í•´ìš”"
539,ì§ì›ë¶„ë“¤ ë„ˆë¬´ ì¹œì ˆí•˜ì„¸ìš”!
540,êµì •ì¹˜ë£Œ ì´í›„ ì •ê¸°ì ìœ¼ë¡œ ë‹¤ë‹ˆê³  ìžˆëŠ”ë° ê°ˆë•Œë§ˆë‹¤ ëŠë¼ì§€ë§Œ ë³€í•¨ì—†ì´ ì¹œì ˆí•˜ì…”ì„œ ë„ˆë¬´ ì¢‹ì•„ìš” ì«Œ ì•„ì‰¬ìš´ ì ì€ ì§€ê¸ˆ ì´ ì¹˜ê³¼ ë‹¤ë‹Œì§€ 4ë…„ì •ë„ ëœê±° ê°™ì€ë° í”„ë¡ íŠ¸ì— ê³„ì‹  ë¶„ë“¤ì´ë‚˜ ì¹˜ìœ„ìƒì‚¬ ë¶„ë“¤ ì«Œ ë§Žì´ ë°”ë€ê²ƒ ê°™ì•„ì„œ ê·¸ê²Œ ì•„ì‰½ìŠµë‹ˆë‹¤
541,ì¹œì ˆí•˜ê³  ê¼¼ê¼¼í•˜ê²Œ ë´ì£¼ì…¨ì–´ìš”. ì´ì „ì—ë„ ìŠ¤ì¼€ì¼ë§ ë°›ìœ¼ëŸ¬ ê°€ë˜ ê³³ì¸ë° ë„¤ì´ë²„ë¡œ ì˜ˆì•½í•  ìˆ˜ ìžˆì–´ ë” íŽ¸í•˜ë„¤ìš”~
542,ìƒì„¸ì„¤ëª…í•´ì£¼ì‹œë©° ì•„ì£¼ ê¼¼ê¼¼í•˜ê²Œë´ì£¼ì‹œë„¤ìš”
543,ê¸°ë‹¤ë¦¬ì§€ë„ì•Šê³  ì¹œì ˆí•˜ê²Œ ìž˜ í•´ì£¼ì…”ì„œ ì‚¬ëž‘ë‹ˆë„ ì—¬ê¸°ì„œ ë¹¼ë ¤ê³ í•©ë‹ˆë‹¤~
544,ì¹œì ˆ
545,ì¹œì ˆí•˜ê³  ê¼¼ê¼¼í•˜ê²Œ ì§„ë£Œí•´ ì£¼ì‹­ë‹ˆë‹¤
546,"ìš¸ë”¸  êµì •í•˜ë ¤ê³   ì¸í„°ë„· ê²€ìƒ‰í•˜ê³  ì°¾ê³  ë¹„êµë¶„ì„  ì—„ì²­í•˜ë©° ì°¾ì•„ë‚¸ ë³‘ì›~~
ë°©ë¬¸í•˜ê³   ìƒë‹´í•˜ë©´ì„œ  ì°¸ ë‹¤í–‰ì´ë‹¤..  ì•ˆë„í•˜ë©°  ëŒ€í‘œì›ìž¥ë‹˜ê»˜  ì‹ ë¢°ê°€  ëŠê»´ì ¸ ì—¬ê¸°ë¡œ ê²°ì •í•˜ê³   êµì •ì‹œìž‘~~~
ìš¸ë”¸  ì´ì˜ê²Œ  ì•ˆì „í•˜ê²Œ..  ë¯¿ê³  ë§¡ê²¼ìŠ´ë‹ˆë‹¤ì—¬~"
547,ìœ„ìƒì‚¬ ì„ ìƒë‹˜ë“¤ë„ í•­ìƒ ì¹œì ˆí•˜ì‹œê³  ê¼¼ê¼¼í•˜ê²Œ ë´ì£¼ì…”ì„œ ëŠ˜ ì—¬ê¸°ì„œ ìŠ¤ì¼€ì¼ë§ ë°›ê³ ìžˆìŠµë‹ˆë‹¤ ã…Žã……ã…Ž
548,"ë³„ë¡œì—ìš”. ìŠ¤ì¼€ì¼ë§ í•˜ë ¤ê³  ì‹œê°„ì„ 11:50ë¶„ì— ì˜ˆì•½í–‡ëŠ”ë° 12ì‹œì— ì˜¤ë¼ê¸¸ëž˜ ê°“ë‹¤ê°€ 30ë¶„ ê¸°ë‹¤ë ¸ì–´ìš”. ì ì‹¬ì‹œê°„ì— ì˜ˆì•½í•´ ë‘”ê±°ì˜€ëŠ”ë° ìž˜ëª»í•˜ë©´ ì‹œê°„ë‚´
ì— ëª»ëë‚ ë»” í–ˆì–´ìš”. ë¶„ëª… ë“¤ì–´ê°€ì•¼í•œë‹¤ê³  ë§ì”€ë“œë ¸ì„ë•Œ ì‹œê°„ ì¶©ë¶„í•˜ë‹¤ê³  ì§„ë£Œë°›ì„ìˆ˜ìžˆë‹¤ê³  í–ˆëŠ”ë° ê·¸ ì‹œê°„ë„ ì´ˆê³¼í•˜ê³  ëë‚˜ê³  ê²°ì œí• ë•Œë„ ì™œ ì´ê°€ê²©
ì´ ë‚˜ì™”ëŠ”ì§€ ì„¤ëª…í•˜ì§€ë„ ì•Šê³  ê·¸ëƒ¥ ê°€ê²©ë§Œ ë¡, ê·¸ëž˜ì„œ ì œê°€ ì™œ ì´ê°€ê²©ì´ë‚˜ì™”ëŠ”ì§€ ë‹¤ì‹œ ë¬¼ì–´ë´ì•¼í–ˆì–´ìš”."
549,ê¼¼ê¼¼í•˜ê²Œ ìŠ¤ì¼€ì¼ë§ í•´ì£¼ì…”ì„œ ë§Œì¡±í•´ìš”
550,ì¹œì ˆí•©ë‹ˆë‹¤
551,ëŠ˜ ì¹œì ˆí•œ ì„œë¹„ìŠ¤ë¥¼ ë°›ê³  ìžˆìŠµë‹ˆë‹¤.
552,ëŒ€ë§Œì¡±..
553,"ì¹œì ˆí•œ ìƒë‹´ ë° ì•ˆë‚´ ê°ì‚¬í–ˆìŠµë‹ˆë‹¤.
ì•žìœ¼ë¡œ 2ë…„ ë§ˆìŒíŽ¸ížˆ ìžë…€ë¥¼ ë³´ë‚´ê² ìŠµë‹ˆë‹¤."
554,"í‰ì¼ 9ì‹œ 40ë¶„ì— ë„¤ì´ë²„ì˜ˆì•½í–ˆëŠ”ë° ë‘ì‹œê°„ í›„ì— ì „í™”ì™”ë„¤ìš”.
ê°„í˜¸ì‚¬ë¶„ë“¤ ì¹œì ˆí•©ë‹ˆë‹¤."
555,ì¶”ì²œí•©ë‹ˆë‹¤
556,ìŠ¤ì¼ˆë§ë°›ì•˜ëŠ”ë° ê¼¼ê¼¼í•˜ê²Œ ìž˜í•´ì£¼ì…¨ê³  ì—„ì²­ ì¹œì ˆí–ˆìŠµë‹ˆë‹¤ ê·¸ë¦¬ê³  ì˜ˆì•½ì‹œê°„ê¸°ì¤€ìœ¼ë¡œ ëŒ€ê¸°ì‹œê°„ì´ì—†ì–´ì„œ ì¢‹ì•˜ìŠµë‹ˆë‹¤
557,"ë§¤ë²ˆ ì´ìš©í•˜ê³  ìžˆì§€ë§Œ, ì •ë§ ìŠ¤ì¼ˆë§ê¼¼ê¼¼í•˜ê²Œ ìž˜í•´ì¤ë‹ˆë‹¤. ì œê°€ ë‹¤ë¥¸ ì¹˜ê³¼ì—ì„œë„ ìŠ¤ì¼ˆë§ í•´ë´¤ëŠ”ë°, ì´ë ‡ê²Œ ê¼¼ê¼¼í•˜ê²Œ í•´ì£¼ì§€ëŠ” ì•Šì•„ì„œ. ê·¸ ì´í›„ë¡œ ê³„ì†ì´ìš©í•˜ê³  ìžˆìŠµë‹ˆë‹¤. ê°•ì¶”í•©ë‹ˆë‹¤."
558,"ì¢…ë¡œ ê³ ìš´ë¯¸ì†Œì¹˜ê³¼ì—ì„œ ì‚¬ëž‘ë‹ˆ 4ê°œ ëª¨ë‘ ë°œì¹˜í–ˆì–´ìš”^^
ì•ˆì•„í”„ê³  ê¹”ë”í•˜ê²Œ ì¹˜ë£Œí•´ì£¼ì‹  ê¹€ì„±ë¯¼ ì›ìž¥ë‹˜ê»˜ ë„ˆë¬´ ê°ì‚¬í•´ìš©ã…‹ã…‹ ê¹€ì›ìž¥ë‹˜ ì™¸ëª¨ê°€ ë„ˆë¬´ ë™ì•ˆì´ì‹œê³  í›ˆë‚¨ì´ì…”ì„œ ë” ì•ˆì•„íŒ ë˜ê±°ê°™ì•„ìš”^_^ ì§„ë£Œë°›ì„ ì¼ ìžˆìœ¼ë©´ ê¼­ ì—¬ê¸°ë¡œ ì˜¬ê²Œìš”~~"
559,"ë¯¸ë¦¬ ì˜ˆì•½ì„ í•´ë†”ì„œ ê¸°ë‹¤ë¦¬ì§€ ì•Šê³  ë°”ë¡œ ì¹˜ë£Œë¥¼ í•´ì„œ ì¢‹ì•˜ê³ , ê°„í˜¸ì‚¬ë¶„ë“¤ë„ ë„ˆë¬´ ì¹œì ˆí•´ ì‘ëŒ€í•´ ì£¼ì…”ì„œ ì¢‹ì•˜ìŠµë‹ˆë‹¤!"
560,ë§¤ìš° ì¹œì ˆí•˜ì‹œê³  ìŠ¤ì¼ˆë§ë„ ê¼¼ê¼¼í•˜ê²Œ ìž˜í•´ì£¼ì…¨ì–´ìš”
561,"ì˜ˆì•½í•˜ê³  ê°„ê±°ì¹˜ê³ ëŠ” ì¡°ê¸ˆ ê¸°ë‹¤ë ¸ì§€ë§Œ, 
ì§„ë£Œë¥¼ ì¹œì ˆí•˜ê²Œ ë´ì£¼ì…¨ê³ , ìŠ¤ì¼€ì¼ë§ ëª©ì ìœ¼ë¡œ ë°©ë¬¸í–ˆëŠ”ë° ë‹¤ë¥¸ í›„ê¸°ì—ì„œì²˜ëŸ¼ ì•„í”„ì§€ ì•Šê³  íŽ¸ì•ˆí•˜ê²Œ ìž˜ ë°›ì€ê±°ê°™ì•„ìš”~~~~"
562,ì—„ì²­ì¹œì ˆí•´ìš”~
563,ìƒë‹´í•´ì£¼ì‹œëŠ” ë¶„ë“¤ë„ ì •ë§ ì¹œì ˆí•˜ê³  ë„¤ì´ë²„ë¡œ ì˜ˆì•½í•  ìˆ˜ë„ ìžˆì–´ì„œ ì¢‹ì•˜ìŠµë‹ˆë‹¤! ë¬´ì—‡ë³´ë‹¤ë„ ì•¼ê°„ ì§„ë£Œê°€ ìžˆëŠ”ê²Œ ì§ìž¥ì¸ë“¤ì—ê²Œ ë„ˆë¬´ ì¢‹ë„¤ìš”!
564,ìŠ¤ì¼€ì¼ë§ë°›ìœ¼ëŸ¬ ë‹¤ë…€ì™”ëŠ”ë° ì¹œì ˆí•˜ê³  ê¼¼ê¼¼í•˜ê²Œ ìž˜ í•´ì£¼ì…”ì„œ ì¢‹ì•˜ìŠµë‹ˆë‹¤.
565,"ìŠ¤ì¼€ì¼ë§ ë°›ëŠ”ë° íŽ¸ì•ˆí•˜ê³  ì„¸ì‹¬í•˜ê²Œ ìž˜ í•´ì£¼ì…¨ì–´ìš”!
íšŒì‚¬ê·¼ì²˜ë¼ ê¸ˆë°©ê°ˆ ìˆ˜ ìžˆì–´ì„œ ì¢‹ì•˜ìŠµë‹ˆë‹¤."
566,ì²˜ìŒ ë°©ë¬¸í–ˆëŠ”ë° ê¼¼ê¼¼í•˜ê²Œ ë´ì£¼ì‹œê³  ìŠ¤ì¼€ì¼ë§ë„ ìµœëŒ€í•œ ì•ˆì•„í”„ê²Œ í•´ì£¼ì‹œë ¤ í•´ì„œ ì¢‹ì•˜ìŠµë‹ˆë‹¤~!
567,"ì˜¤ëžœë§Œì— ìŠ¤ì¼€ì¼ë§ ë°›ìœ¼ëŸ¬ ê°”ì—ˆëŠ”ë°, ë‹´ë‹¹í•´ì£¼ì…¨ë˜ë¶„ì´ ë„ˆë¬´ ìž˜ í•´ì£¼ì…”ì„œ ê±±ì •í–ˆë˜ ê²ƒë³´ë‹¤ íŽ¸ì•ˆížˆ ìž˜ ë°›ê³  ì™”ìŠµë‹ˆë‹¤.^^ ì˜ˆì „ì— ë‹¤ë…”ë˜ ê³³ì—ì„œëŠ” ìŠ¤ì¼€ì¼
ë§ í• ë•Œ ë§Žì´ ì•„íŒ ì—ˆê±°ë“ ìš”... ìƒê°ë³´ë‹¤ ìˆ˜ì›”í–ˆì–´ìš”~ ê·œëª¨ë„ ìƒê°ë³´ë‹¤ í¬ë„¤ìš”~ ì§ìž¥ì´ ê·¼ì²˜ê¸°ë„ í•˜ê³  ìžì£¼ ì´ìš©í•˜ê²Œ ë  ê²ƒ ê°™ìŠµë‹ˆë‹¤. ê°ì‚¬í•©ë‹ˆë‹¤~"
568,"êµì •ì¤‘ì—  ë–¡ë¨¹ë‹¤ê°€  êµì •ìž¥ì¹˜ ì´íƒˆ !!! ì¹˜ê³¼ ìž˜ëª»ì´  ì•„ë‹Œë°  ì €í¬ ìž˜ëª»ìœ¼ë¡œ  ë¶ˆíŽ¸ í•˜ì…¨ê² ì–´ìš” í•˜ì‹œë„¤ìš”  ìž˜ì¹˜ë£Œ í•´ì£¼ì‹  ìµœë‚™ì²œ ì›ìž¥ë‹˜  ë„ˆë¬´ë‚˜ë„  ì¹œì ˆí•œ
  ì„œ ê°„í˜¸ì‚¬ë‹˜ ^^ ê°ì‚¬ ê°ì‚¬ ë“œë¦½ë‹ˆë‹¤.^^"
569,"ë‹¤ë‹ˆë˜ ì¹˜ê³¼ì¸ë°, ë°¤ëŠ¦ê²Œ ê¸‰ìƒê°ë‚˜ì„œ ë²ˆí˜¸ ê²€ìƒ‰í•˜ë‹¤ê°€ ë„¤ì´ë²„ì˜ˆì•½ìœ¼ë¡œ ì˜ˆì•½í•´ë´¤ì–´ìš”. íŽ¸ë¦¬í•˜ê³  ì¢‹ë„¤ìš” -"
570,í¬ê²Œ ê¸°ëŒ€ ì•ˆí•˜ê³  ê°”ì—ˆëŠ”ë°ìš” ìŠ¤ì¼€ì¼ë§ ì •ë§ ì‹œì›í•˜ê²Œ ì¹œì ˆí•˜ê²Œ í•´ ì£¼ì…¨ì–´ìš”
571,ì§€ë°©ì—ì„œ ì‚¬ëŠ” 20ëŒ€ ì—¬ì„±ìž…ë‹ˆë‹¤. ì´ë¯¸ ì´ ë³‘ì›ì€ ìž˜í•œë‹¤ê³  ì†Œë¬¸ì´ë‚˜ìžˆëŠ”ê³³ìœ¼ë¡œ ì•Œê³  ê°”ìŠµë‹ˆë‹¤. ì†Œë¬¸ì²˜ëŸ¼ ë„ˆë¬´ ì¹œì ˆí•˜ê³  ì§ˆì¢‹ì€ ì„œë¹„ìŠ¤ ì œê³µ ë°°ë ¤ê°€ ë‹ë³´ì˜€ìŠµë‹ˆë‹¤. ê·¸ëž˜ë„ ì¹˜ê³¼ê°€ ë‘ë ¤ìš´ ì´ìœ ëŠ” í†µì¦ì¸ë° ì´ê³³ì€ ì •ë§ 1ë„ ì•ˆì•„íŒ ìŠµë‹ˆë‹¤. ë§ˆì·¨ì£¼ì‚¬ê°€ ì–´ë–»ê²Œ ì•ˆì•„í”Œìˆ˜ê°€ìžˆì§€?í•˜ëŠ” ì•„ì´ëŸ¬ë‹ˆí•œ ìƒí™©ì´ì—ˆìœ¼ë‚˜ ê·¸ê²ƒë„ ì˜ì‚¬ì„ ìƒë‹˜ì˜ ì‹¤ë ¥ì´ê² ì§€ìš”?ã…Žã…Ž ê°ì‚¬í•©ë‹ˆë‹¤
572,ì„ ìƒë‹˜ì´ ë„˜ ì¹œì ˆí•œê³³!!!
573,ìŠ¤ì¼€ì¼ë§ ê¼¼ê¼¼í•˜ê²Œ ìž˜ í•´ì£¼ì…”ì„œ ê°ì‚¬í•©ë‹ˆë‹¤.
574,ì¹œì ˆí•˜ì‹œê³  ìŠ¤ì¼€ì¼ë§ë„ í•˜ë‚˜ë„ ì•ˆì•„íŒŒì„œ ì¢‹ì•˜ì–´ìš”
575,ì‚¬ëžŒì´ ë§Žì•„ì„œ ì¢€ ê¸°ë‹¤ë¦°ê²ƒ ë¹¼ê³ ëŠ” ì¹œì ˆí•˜ì‹œê³  ì„¤ëª…ë„ ìž˜í•´ì£¼ì…”ì„œ ì¢‹ì•˜ì–´ìš”~ ê°€ê²©ì´ ë¹„ì‹¼ê±´ ì—¬ëŠ ì¹˜ê³¼ê°€ ë‹¤ê·¸ëŸ¬ë‹ˆ..ã… ã…  ìŠ¤ì¼ˆë§ ê¼¼ê¼¼í•˜ê²Œ í•´ì£¼ì…”ì„œ ë§Œì¡±í–ˆìŠµë‹ˆë‹¤! êµì •ì „ë¬¸ ì¹˜ê³¼ë¼ê³  í•˜ì‹œë‹ˆ ë‹¤ìŒì—” êµì •ìƒë‹´í•˜ëŸ¬ ê°€ë´ì•¼ê² ì–´ìš”~
576,ì¹œì ˆí•˜ë„¤ìš”~ë„¤ì´ë²„ ì˜ˆì•½ë„ íŽ¸í•˜êµ¬ìš”~ ì‹œì„¤ë„ ê¹¨ë—í•´ë³´ì˜€ì–´ìš”~
577,ì¢‹ì•„ìš” ì‚°ëœ»í•´ìš”
578,ì¹œì ˆí•˜ê³  ì¢‹ì•„ìš” ã…Žã…Ž
579,"ì¹œì ˆí•˜ê³  ì¢‹ì•˜ìŠµë‹ˆë‹¤ë§Œ, ì•ˆë‚´ë°ìŠ¤í¬ì— ì§ì›ë“¤ì´ ë„ˆë¬´ ìˆ˜ë‹¤ë¥¼ ë– ì…”ì„œ ì •ì‹  ì‚¬ë‚˜ì› ìŠµë‹ˆë‹¤."
580,"ì‹œì„¤ë„ ì¢‹ì•˜ê³ , ê²€ì§„ë„ ì¢‹ì•˜ìŠµë‹ˆë‹¤. êµì •ìƒë‹´ ë°›ì•˜ëŠ”ë° ê¼¼ê¼¼ížˆ ì²´í¬í•´ ì£¼ì…¨ê³ , ê²€ì§„ë¹„ìš©ë„ í–‰ì‚¬ê¸°ê°„ì´ë¼ì„œ ë§Œì›ì— í•˜ê²Œë˜ì–´ì„œ ë„ˆë¬´ ë§Œì¡±ìŠ¤ëŸ¬ì› ìŠµë‹ˆë‹¤.
 ë‹¤ë§Œ ì§ìž¥ì¸ì´ë¼ ì•¼ê°„ì§„ë£Œë§Œ ê°€ëŠ¥í•œë° ì•¼ê°„ ì˜ˆì•½ì´ ì›í™œí•˜ì§€ ì•Šì€ê²Œ ì¡°ê¸ˆ ì•„ì‰½ë„¤ìš”~"
581,"ëˆì•ˆë˜ëŠ” ì‹œìˆ ì€ ì•ˆí•œë‹¤ í•˜ë„¤ìš”. ì§€ì ë§ˆë‹¤ ë‹¤ë¥´ë‹¤ë‚˜.. ê·¸ë¦¬ê³  ì—¬ê¸°ì„œ ì•ˆí•´ì¤€ë‹¤ê³  í•´ì„œ ì˜†ê±´ë¬¼ì— ìžˆëŠ” ì—°ì„¸ê·¸ëž‘ìŠ¤ë§ˆì¼ì¹˜ê³¼ë¡œ ê°”ë”ë‹ˆ í•´ì¤ë‹ˆë‹¤. í•œê°€ì§€ 
ë” ì•Œë ¤ë“œë¦¬ìžë©´ ì œê°€ ì›í•œ ì‹œìˆ ì´ ì—¬ê¸°ì„  'í•œë‹¤ê³  í•˜ë”ë¼ë„30ì—ì„œ 60ë§Œì›ì¸ë° ìš°ë¦¬ëŠ” ì•ˆí•œë‹¤' ë¼ê³  í•˜ë˜ë° ì € ì§€ê¸ˆ 15ë§Œì›(+7700ì›:ì—‘ìŠ¤ë ˆì´ì´¬ì˜ë¹„)
ì— í•˜ê³  ì™”ìŠµë‹ˆë‹¤. ëˆë˜ëŠ” ì†ë‹˜ë§Œ ë°›ê² ë‹¤ëŠ” ì¹˜ê³¼ìž…ë‹ˆë‹¤. ë¶€í‰ì ë„ 3ë…„ì „ì— ê°™ì€ì†Œë¦¬ í•˜ë”ë‹ˆ.. ê³ ê°ìž…ìž¥ì—ì„œ ìƒê°í•˜ê³  ì‹œìˆ í•´ì£¼ëŠ” ì˜†ê±´ë¬¼ë¡œ ê°€ì„¸ìš”."
582,ë‚´ì´ë²„ ì˜ˆì•½ ì²˜ìŒ í•´ë³´ëŠ”ê±´ë° ì‹ ì²­í•˜ìž ë§ˆìž ë°”ë¡œ ì „í™”ì£¼ì…”ì„œ ì˜ˆì•½í™•ì¸í•´ì£¼ì…”ì„œ ì¢‹ì•˜ì–´ìš” ìžì£¼ ì´ìš©í• ê²Œìš”
583,ì§ì›ë¶„ ì¹œì ˆí•˜ì‹œê³  ì˜ì‚¬ìŒ¤ ìžì„¸í•œ ì„¤ëª…ë„ ë§Œì¡±í•©ë‹ˆë‹¤.  êµì •ìƒë‹´ ê°•ì¶”í•©ë‹ˆë‹¤~
584,ì§€ì¸ ì¶”ì²œìœ¼ë¡œ ì„ íƒ í–ˆì–´ìš”. ì–¼ë§ˆì „ë¶€í„° ì´ê°€ ì•„íŒŒì„œ ê°‘ìžê¸° ì˜ˆì•½ì„ í–ˆëŠ”ë°ë‘ ì§„ë£Œ ë°›ì„ ìˆ˜ ìžˆì–´ì„œ ì¢‹ì•˜ìŠµë‹ˆë‹¤. ëŒ€ê¸°ë„ ì˜¤ëž˜ ì•ˆí•˜ê³  ë„ì°© 10ë¶„ì •ë„ í›„ì— ì§„ë£Œ ë°›ì•˜ê³ ... ì¹œì ˆ í•©ë‹ˆë‹¤:) ë§Œì¡±í•´ìš”
585,"ì‚¬ëž‘ë‹ˆ ë°œì¹˜í•˜ëŸ¬ê°”ëŠ”ë° ëª»í•´ì„œ ì•„ì‰½ì§€ë§Œ
ì¹œì ˆí•´ì„œ ì¢‹ì•˜ìŠµë‹ˆë‹¤"
586,"ì˜¤ëžœë§Œì— ë°©ë¬¸ì´ë¼ ì´ë²ˆì—” ë„¤ì´ë²„ì˜ˆì•½ì„ í†µí•´ì„œ ì˜ˆì•½í•˜ê³  ê°”ìŠµë‹ˆë‹¤. 7ì‹œì— ë„ì°©í–ˆìŒì—ë„ 20ë¶„ì´ ë„˜ê²Œ ëŒ€ê¸°í•œ í›„ ì§„ë£Œë¥¼
ë³´ê²Œ ëœ ì ì´ ì•„ì‰½ìŠµë‹ˆë‹¤. ê·¸ëŸ¼ì—ë„ ìŠ¤ì¼€ì¼ë§ì€ ê¼¼ê¼¼í•˜ê²Œ ì§„í–‰í•´ì£¼ì…”ì„œ ë‹¤ìŒì—ë„ ê³ ìš´ë¯¸ì†Œì—ì„œ í•˜ë ¤ê³  í•©ë‹ˆë‹¤."
